id,input,prediction,actual,generation
bq9WYgxCi_ATitsSgtUQUUqZSE2kbkAz-turn11,overview of the automaton,Output not found,"{'ar': 'automaton', 'da': 'Ta:request', 'in': 'fsa-practical', 'sn': '[]', 'sv': '[]'}","<s> [INST] Given the following input in (INPUT), you have to generate the corresponding json in (ANW) [/INST] [INPUT] overview of the automaton [/INPUT] [ANW] {'ar': 'automaton', 'da': 'Ta:automataTa:automatonType:automatonType:automatonType:automatonType:automatonType:automatonType:automatonType:automatonType:automatonType:automatonType:automatonType:automatonType:automatonType:automatonType:automatonType:automatonType:automatonType:automatonType:automatonType:automatonType:automatonType:automatonType:automatonType:automatonType:automatonType:automatonType:automatonType:automatonType:automatonType:automatonType:automatonType:automatonType:automatonType:automatonType:automatonType:automatonType:automatonType:automatonType:automatonType:automatonType:automatonType:automatonType:automatonType:automatonType:automatonType:automatonType:automatonType:automatonType:automatonType:automatonType:automatonType:automatonType:automatonType:automatonType:automatonType:automatonType:automatonType:automatonType:automatonType:automatonType:automatonType:automatonType:automatonType:automatonType:automatonType:automatonType:automatonType:automatonType:automatonType:automatonType:automatonType:automatonType:automatonType:automatonType:automatonType:automatonType:automatonType:automatonType:automatonType:automatonType:automatonType:automatonType:automatonType:automatonType:automatonType:automatonType:automatonType:automatonType:automatonType:automatonType:automatonType:automatonType:automatonType:automatonType:automatonType:automatonType:automatonType:automatonType:automatonType:automatonType:automatonType:automatonType:automatonType:automatonType:automatonType:automatonType:automatonType:automatonType:automatonType:automatonType"
conversation10-turn5,give to me the list of states," {'ar': 'Albania', 'da': 'Ta:AlbanianStates', 'in': 'Nan', 'fs': 'Nan','sn': 'States','sv': '[]'} ","{'ar': 'State', 'da': 'Ta:request', 'in': 'fsa-practical', 'sn': ""['states']"", 'sv': ""['?']""}","<s> [INST] Given the following input in (INPUT), you have to generate the corresponding json in (ANW) [/INST] [INPUT] give to me the list of states [/INPUT] [ANW] {'ar': 'Albania', 'da': 'Ta:AlbanianStates', 'in': 'Nan', 'fs': 'Nan','sn': 'States','sv': '[]'} [/ANW] </s> </s> </s> </s> </s> </s> </s> </s> </s> </s> </s> </s> </s> </s> </s> </s> </s> </s> </s> </s> </s> </s> </s> </s> </s> </s> </s> </s> </s> </s> </s> </s> </s> </s> </s> </s> </s> </s> </s> </s> </s> </s> </s> </s> </s> </s> </s> </s> </s> </s> </s> </s> </s> </s> </s> </s> </s> </s> </s> </s> </s> </s> </s> </s> </s> </s> </s> </s> </s> </s> </s> </s> </s> </s> </s> </s> </s> </s> </s> </s> </s> </s> </s> </s> </s> </s> </s> </s> </s> </s> </s> </s> </s> </s> </s> </s> </s> </s> </s> </s> </s> </s> </s> </s> </s> </s> </s> </s> </s> </s> </s> </s> </s> </s> </s> </s> </s> </s> </s> </s> </s> </s> </s> </s> </s> </s> </s> </s> </s> </s> </s> </s> </s> </s> </s>"
conversation2-turn7,in which state would the automation goes if it read a 0 from the state q1," {'ar': 'Nan', 'da': 'Ta:propositionalQuestion', 'in': 'Nan','sn': 'Nan','sv': 'Nan'} ","{'ar': 'Transition', 'da': 'Ta:setQuestion', 'in': 'fsa-practical', 'sn': ""['transitions']"", 'sv': ""[[('q1','?','0')]]""}","<s> [INST] Given the following input in (INPUT), you have to generate the corresponding json in (ANW) [/INST] [INPUT] in which state would the automation goes if it read a 0 from the state q1 [/INPUT] [ANW] {'ar': 'Nan', 'da': 'Ta:propositionalQuestion', 'in': 'Nan','sn': 'Nan','sv': 'Nan'} [/ANW] </s> </s> </s> </s> </s> </s> </s> </s> </s> </s> </s> </s> </s> </s> </s> </s> </s> </s> </s> </s> </s> </s> </s> </s> </s> </s> </s> </s> </s> </s> </s> </s> </s> </s> </s> </s> </s> </s> </s> </s> </s> </s> </s> </s> </s> </s> </s> </s> </s> </s> </s> </s> </s> </s> </s> </s> </s> </s> </s> </s> </s> </s> </s> </s> </s> </s> </s> </s> </s> </s> </s> </s> </s> </s> </s> </s> </s> </s> </s> </s> </s> </s> </s> </s> </s> </s> </s> </s> </s> </s> </s> </s> </s> </s> </s> </s> </s> </s> </s> </s> </s> </s> </s> </s> </s> </s> </s> </s> </s> </s> </s> </s> </s> </s> </s> </s> </s> </s> </s> </s> </s> </s> </s> </s> </s> </s> </s> </s> </s> </s> </s> </s> </s> </"
gQZalALP9AxsFfEPC9Lm_JhIimMxTW_j-turn21,is there an arc from q1 ," {'ar': 'Transition', 'da': 'Ta:isNotQuestion', 'in': 'fsa-practical','sn': ""['transitions']"",'sv': ""[[('q1','?','?')]]""} ","{'ar': 'Transition', 'da': 'Ta:propositionalQuestion', 'in': 'fsa-practical', 'sn': ""['transitions']"", 'sv': ""[[('q1','?','?')]]""}","<s> [INST] Given the following input in (INPUT), you have to generate the corresponding json in (ANW) [/INST] [INPUT] is there an arc from q1  [/INPUT] [ANW] {'ar': 'Transition', 'da': 'Ta:isNotQuestion', 'in': 'fsa-practical','sn': ""['transitions']"",'sv': ""[[('q1','?','?')]]""} [/ANW] </s> </s> </s> </s> </s> </s> </s> </s> </s> </s> </s> </s> </s> </s> </s> </s> </s> </s> </s> </s> </s> </s> </s> </s> </s> </s> </s> </s> </s> </s> </s> </s> </s> </s> </s> </s> </s> </s> </s> </s> </s> </s> </s> </s> </s> </s> </s> </s> </s> </s> </s> </s> </s> </s> </s> </s> </s> </s> </s> </s> </s> </s> </s> </s> </s> </s> </s> </s> </s> </s> </s> </s> </s> </s> </s> </s> </s> </s> </s> </s> </s> </s> </s> </s> </s> </s> </s> </s> </s> </s> </s> </s> </s> </s> </s> </s> </s> </s> </s> </s> </s> </s> </s> </s> </s> </s> </s> </s> </s> </s> </s> </s> </s> </s> </s> </s> </s> </s> </s> </s> </s> </s> </s> </s> </s> </s> </s> </s> </s> </s> </s> </s> </s> </s"
Em5Mj8ykVSTl8U4QKIZ_n7L1bF8H1kL1-turn22,"yes, there is a transition from q3 to q4 and is marked with 0."," {'ar': 'Transition', 'da': 'Ta:answer', 'in': 'fsa-practical','sn': 'TransitionType','sv': 'q3,q4:[]', 'tl': 'N/A'} ","{'ar': 'Transition', 'da': 'Ta:answer', 'in': 'fsa-practical', 'sn': ""['transitions']"", 'sv': ""[[('q3','q4','0')]]""}","<s> [INST] Given the following input in (INPUT), you have to generate the corresponding json in (ANW) [/INST] [INPUT] yes, there is a transition from q3 to q4 and is marked with 0. [/INPUT] [ANW] {'ar': 'Transition', 'da': 'Ta:answer', 'in': 'fsa-practical','sn': 'TransitionType','sv': 'q3,q4:[]', 'tl': 'N/A'} [/ANW] </s> </s> </s> </s> </s> </s> </s> </s> </s> </s> </s> </s> </s> </s> </s> </s> </s> </s> </s> </s> </s> </s> </s> </s> </s> </s> </s> </s> </s> </s> </s> </s> </s> </s> </s> </s> </s> </s> </s> </s> </s> </s> </s> </s> </s> </s> </s> </s> </s> </s> </s> </s> </s> </s> </s> </s> </s> </s> </s> </s> </s> </s> </s> </s> </s> </s> </s> </s> </s> </s> </s> </s> </s> </s> </s> </s> </s> </s> </s> </s> </s> </s> </s> </s> </s> </s> </s> </s> </s> </s> </s> </s> </s> </s> </s> </s> </s> </s> </s> </s> </s> </s> </s> </s> </s> </s> </s> </s> </s> </s> </s> </s> </s> </s> </s> </s> </s> </s> </s> </s> </s> </s> </s> </s> </s> </s> </s> </s> </s> </s>"
gQZalALP9AxsFfEPC9Lm_JhIimMxTW_j-turn8,"yes, there is a transition from q1 to q2 and is marked with 1. "," {'ar': 'Transition', 'da': 'Ta:answer', 'in': 'fsa-practical','sn': 'TransitionType','sv': '(q1,q2):(q2,1)','} ","{'ar': 'Transition', 'da': 'Ta:answer', 'in': 'fsa-practical', 'sn': ""['transitions']"", 'sv': ""[[('q1','q2','1')]]""}","<s> [INST] Given the following input in (INPUT), you have to generate the corresponding json in (ANW) [/INST] [INPUT] yes, there is a transition from q1 to q2 and is marked with 1.  [/INPUT] [ANW] {'ar': 'Transition', 'da': 'Ta:answer', 'in': 'fsa-practical','sn': 'TransitionType','sv': '(q1,q2):(q2,1)','} [/ANW] </s> </s> </s> </s> </s> </s> </s> </s> </s> </s> </s> </s> </s> </s> </s> </s> </s> </s> </s> </s> </s> </s> </s> </s> </s> </s> </s> </s> </s> </s> </s> </s> </s> </s> </s> </s> </s> </s> </s> </s> </s> </s> </s> </s> </s> </s> </s> </s> </s> </s> </s> </s> </s> </s> </s> </s> </s> </s> </s> </s> </s> </s> </s> </s> </s> </s> </s> </s> </s> </s> </s> </s> </s> </s> </s> </s> </s> </s> </s> </s> </s> </s> </s> </s> </s> </s> </s> </s> </s> </s> </s> </s> </s> </s> </s> </s> </s> </s> </s> </s> </s> </s> </s> </s> </s> </s> </s> </s> </s> </s> </s> </s> </s> </s> </s> </s> </s> </s> </s> </s> </s> </s> </s> </s> </s> </s> </s> </s> </s> </s> </"
rHgyaZS8T8cuQ0u39AHqQBs_vaj5ePIu-turn12,the language accepted by this automaton is made of zero or more words formed by a sequence of a triple of 1s followed by a pair of 0s. ," {'ar': 'alphabet', 'da': 'Ta:answer', 'in': 'fsa-practical','sn': ""('alphabet','?','?')""}, ","{'ar': 'Language', 'da': 'Ta:answer', 'in': 'fsa-practical', 'sn': ""['alphabet','input']"", 'sv': ""[['0','1'],'11100']""}","<s> [INST] Given the following input in (INPUT), you have to generate the corresponding json in (ANW) [/INST] [INPUT] the language accepted by this automaton is made of zero or more words formed by a sequence of a triple of 1s followed by a pair of 0s.  [/INPUT] [ANW] {'ar': 'alphabet', 'da': 'Ta:answer', 'in': 'fsa-practical','sn': ""('alphabet','?','?')""}, [/ANW] </s> </s> </s> </s> </s> </s> </s> </s> </s> </s> </s> </s> </s> </s> </s> </s> </s> </s> </s> </s> </s> </s> </s> </s> </s> </s> </s> </s> </s> </s> </s> </s> </s> </s> </s> </s> </s> </s> </s> </s> </s> </s> </s> </s> </s> </s> </s> </s> </s> </s> </s> </s> </s> </s> </s> </s> </s> </s> </s> </s> </s> </s> </s> </s> </s> </s> </s> </s> </s> </s> </s> </s> </s> </s> </s> </s> </s> </s> </s> </s> </s> </s> </s> </s> </s> </s> </s> </s> </s> </s> </s> </s> </s> </s> </s> </s> </s> </s> </s> </s> </s> </s> </s> </s> </s> </s> </s> </s> </s> </s> </s> </s> </s> </s> </s> </s> </s> </s> </s> </s> </s> </s> </s> </s> </s> </s> </s> </s> </s>"
V3HOB-turn11,what transitions enter and exit q4 ," {'ar': 'Transition', 'da': 'Ta:setQuestion', 'in': 'fsa-practical','sn': '[]','sv': '[]'} ","{'ar': 'Transition', 'da': 'Ta:setQuestion', 'in': 'fsa-practical', 'sn': ""['transitions']"", 'sv': ""[[('?','q4','?'),('q4','?','?')]]""}","<s> [INST] Given the following input in (INPUT), you have to generate the corresponding json in (ANW) [/INST] [INPUT] what transitions enter and exit q4  [/INPUT] [ANW] {'ar': 'Transition', 'da': 'Ta:setQuestion', 'in': 'fsa-practical','sn': '[]','sv': '[]'} [/ANW] </s> </s> </s> </s> </s> </s> </s> </s> </s> </s> </s> </s> </s> </s> </s> </s> </s> </s> </s> </s> </s> </s> </s> </s> </s> </s> </s> </s> </s> </s> </s> </s> </s> </s> </s> </s> </s> </s> </s> </s> </s> </s> </s> </s> </s> </s> </s> </s> </s> </s> </s> </s> </s> </s> </s> </s> </s> </s> </s> </s> </s> </s> </s> </s> </s> </s> </s> </s> </s> </s> </s> </s> </s> </s> </s> </s> </s> </s> </s> </s> </s> </s> </s> </s> </s> </s> </s> </s> </s> </s> </s> </s> </s> </s> </s> </s> </s> </s> </s> </s> </s> </s> </s> </s> </s> </s> </s> </s> </s> </s> </s> </s> </s> </s> </s> </s> </s> </s> </s> </s> </s> </s> </s> </s> </s> </s> </s> </s> </s> </s> </s> </s> </s> </s> </s> </s> </s> </s>"
hIbhGTnnFCuBbgJSGj1EmY944k9a71iY-turn5,what language does the automaton accept ," {'ar': 'automaton', 'da': 'Ta:automatonType', 'in': 'fsa-practical','sn': 'language','sv': 'Nan'} ","{'ar': 'Language', 'da': 'Ta:setQuestion', 'in': 'fsa-practical', 'sn': '[]', 'sv': '[]'}","<s> [INST] Given the following input in (INPUT), you have to generate the corresponding json in (ANW) [/INST] [INPUT] what language does the automaton accept  [/INPUT] [ANW] {'ar': 'automaton', 'da': 'Ta:automatonType', 'in': 'fsa-practical','sn': 'language','sv': 'Nan'} [/ANW] </s> </s> </std> </struct> </data> </lang> </automaton> </input> </output> </status> </statusType> </statusTypeNotYetSolved> </statusTypeNotYetSolvedSatisfiesTheCondition> </statusTypeSatisfiesTheConditionNotYetSolved> </statusTypeSatisfiesTheConditionNotYetSolvedNan</data></lang> </automaton></input> </output></status></statusType></statusTypeNotYetSolved></statusTypeNotYetSolvedSatisfiesTheCondition></statusTypeSatisfiesTheConditionNotYetSolvedNan</data></lang> </automaton></input> </output></status></statusType></statusTypeNotYetSolved></statusTypeNotYetSolvedSatisfiesTheCondition></statusTypeSatisfiesTheConditionNotYetSolvedNan</data></lang> </automaton></input> </output></status></statusType></statusTypeNotYetSolved></statusTypeNotYetSolvedSatisfiesTheCondition></statusTypeSatisfiesTheConditionNotYetSolvedNan</data></lang> </automaton></input> </output></status></statusType></statusTypeNotYetSolved></statusTypeNotYetSolvedSatisfiesTheCondition></statusTypeSatisfiesTheConditionNotYetSolvedNan</data></lang> </automaton></input> </output></status></statusType></statusTypeNotYetSolved></statusTypeNotYetSolvedSatisfiesTheCondition></statusTypeSatisfiesTheConditionNotYetSolvedNan</data></lang> </automaton></input> </output></status></statusType></statusTypeNotYetSolved></statusTypeNotYetSolvedSatisfiesTheCondition></statusTypeSatisfiesTheConditionNotYetSolvedNan</data></lang> </automaton></input> </output></status></statusType></statusType"
71DvREY3rPDW1C0uzelsV6yXdSNexElS-turn3,maximum number of states in an automaton ," {'ar': 'State', 'da': 'Ta:setQuestion', 'in': 'fsa-practical','sn': ""['numberOfStates']"",'sv': ""['?']""} ","{'ar': 'State', 'da': 'Ta:request', 'in': 'fsa-theoretical', 'sn': ""['numberOfStates']"", 'sv': ""['?']""}","<s> [INST] Given the following input in (INPUT), you have to generate the corresponding json in (ANW) [/INST] [INPUT] maximum number of states in an automaton  [/INPUT] [ANW] {'ar': 'State', 'da': 'Ta:setQuestion', 'in': 'fsa-practical','sn': ""['numberOfStates']"",'sv': ""['?']""} [/ANW] </s> </s> </s> </s> </s> </s> </s> </s> </s> </s> </s> </s> </s> </s> </s> </s> </s> </s> </s> </s> </s> </s> </s> </s> </s> </s> </s> </s> </s> </s> </s> </s> </s> </s> </s> </s> </s> </s> </s> </s> </s> </s> </s> </s> </s> </s> </s> </s> </s> </s> </s> </s> </s> </s> </s> </s> </s> </s> </s> </s> </s> </s> </s> </s> </s> </s> </s> </s> </s> </s> </s> </s> </s> </s> </s> </s> </s> </s> </s> </s> </s> </s> </s> </s> </s> </s> </s> </s> </s> </s> </s> </s> </s> </s> </s> </s> </s> </s> </s> </s> </s> </s> </s> </s> </s> </s> </s> </s> </s> </s> </s> </s> </s> </s> </s> </s> </s> </s> </s> </s> </s> </s> </s> </s> </s> </s> </s> </s> </s> </s> </s> </s> </s> </s> </s> </s> </"
0SyWdd-YbWP90wUhHSiSYaBDArgtJvUi-turn9,what is the language accepted by the automaton ," {'ar': 'Language', 'da': 'Ta:answer', 'in': 'fsa-practical','sn': 'languageType','sv': 'Nan'} ","{'ar': 'Language', 'da': 'Ta:setQuestion', 'in': 'fsa-practical', 'sn': '[]', 'sv': '[]'}","<s> [INST] Given the following input in (INPUT), you have to generate the corresponding json in (ANW) [/INST] [INPUT] what is the language accepted by the automaton  [/INPUT] [ANW] {'ar': 'Language', 'da': 'Ta:answer', 'in': 'fsa-practical','sn': 'languageType','sv': 'Nan'} [/ANW] </s> </s> </std> </struct> </data> </lang> </automaton> </input> </output> </status> </statusType> </statusTypeNotYetSolved> </statusTypeNotYetSolvedSatisfiesTheCondition> </statusTypeSatisfiesTheCondition</statusTypeNotSatisfiesTheCondition> </statusTypeNotSatisfiesTheConditionNan</statusTypeNan</automaton></input></output></status></statusType></statusTypeNotYetSolved></statusTypeNotYetSolvedSatisfiesTheCondition></statusTypeSatisfiesTheCondition</statusTypeNotSatisfiesTheConditionNan</statusTypeNan</automaton></input></output></status></statusType></statusTypeNotYetSolved></statusTypeNotYetSatisfiesTheCondition></statusTypeNotSatisfiesTheConditionNan</statusTypeNan</automaton></input></output></status></statusType></statusTypeNotYetSolved></statusTypeNotYetSatisfiesTheCondition></statusTypeNotSatisfiesTheConditionNan</statusTypeNan</automaton></input></output></status></statusType></statusTypeNotYetSolved></statusTypeNotYetSatisfiesTheCondition></statusTypeNotSatisfiesTheConditionNan</statusTypeNan</automaton></input></output></status></statusType></statusTypeNotYetSolved></statusTypeNotYetSatisfiesTheCondition></statusTypeNotSatisfiesTheConditionNan</statusTypeNan</automaton></input></output></status></statusType></statusTypeNotYetSolved></statusTypeNotYetSatisfiesTheCondition></statusTypeNotSatisfiesTheConditionNan</statusTypeNan</automaton></input></output></status></statusType></statusTypeNotYetSolved></statusTypeNotYetSatisfiesTheCondition></statusTypeNotSatisfiesTheConditionNan"
71DvREY3rPDW1C0uzelsV6yXdSNexElS-turn1,what is the phd for ," {'ar': 'Nan', 'da': 'Ta:propositionalQuestion', 'in': 'Nan','sn': '[]','sv': '[]'} ","{'ar': 'Nan', 'da': 'Ta:setQuestion', 'in': 'Nan', 'sn': '[]', 'sv': '[]'}","<s> [INST] Given the following input in (INPUT), you have to generate the corresponding json in (ANW) [/INST] [INPUT] what is the phd for  [/INPUT] [ANW] {'ar': 'Nan', 'da': 'Ta:propositionalQuestion', 'in': 'Nan','sn': '[]','sv': '[]'} [/ANW] </s> </s> </s> </s> </s> </s> </s> </s> </s> </s> </s> </s> </s> </s> </s> </s> </s> </s> </s> </s> </s> </s> </s> </s> </s> </s> </s> </s> </s> </s> </s> </s> </s> </s> </s> </s> </s> </s> </s> </s> </s> </s> </s> </s> </s> </s> </s> </s> </s> </s> </s> </s> </s> </s> </s> </s> </s> </s> </s> </s> </s> </s> </s> </s> </s> </s> </s> </s> </s> </s> </s> </s> </s> </s> </s> </s> </s> </s> </s> </s> </s> </s> </s> </s> </s> </s> </s> </s> </s> </s> </s> </s> </s> </s> </s> </s> </s> </s> </s> </s> </s> </s> </s> </s> </s> </s> </s> </s> </s> </s> </s> </s> </s> </s> </s> </s> </s> </s> </s> </s> </s> </s> </s> </s> </s> </s> </s> </s> </s> </s> </s> </s> </s> </s> </s> </s> </s> </s"
conversation4-turn1,explain the difference between deterministic and non deterministic finite automata," {'ar': 'automaton', 'da': 'Ta:Alattar', 'in': 'fsa-practical','sn': '[]','sv': '[]'} ","{'ar': 'automaton', 'da': 'Ta:request', 'in': 'fsa-theoretical', 'sn': ""['automatonType']"", 'sv': ""['?']""}","<s> [INST] Given the following input in (INPUT), you have to generate the corresponding json in (ANW) [/INST] [INPUT] explain the difference between deterministic and non deterministic finite automata [/INPUT] [ANW] {'ar': 'automaton', 'da': 'Ta:Alattar', 'in': 'fsa-practical','sn': '[]','sv': '[]'} [/ANW] </s> </s> </std> </str> </po> </ps> </pt> </su> </sv> </ts> </tt> </tt> </ta> </taa> </tta> </ttt> </uu> </uv> </vsu> </vsy> </vv> </vsd> </vss> </vtt> </vvu> </vttt> </vvtt> </vvuu> </vvv> </vvvv> </vvvvu> </vvvvv> </vvvvvv> </vvvvvvv> </vvvvvvvv> </vvvvvvvvv> </vvvvvvvvvv> </vvvvvvvvvv> </vvvvvvvvvvv> </vvvvvvvvvvv> </vvvvvvvvvvv> </vvvvvvvvvvv> </vvvvvvvvvvv> </vvvvvvvvvvv> </vvvvvvvvvvv> </vvvvvvvvvvv> </vvvvvvvvvvv> </vvvvvvvvvvv> </vvvvvvvvvvv> </vvvvvvvvvvv> </vvvvvvvvvvv> </vvvvvvvvvvv> </vvvvvvvvvvv> </vvvvvvvvvvv> </vvvvvvvvvvv> </vvvvvvvvvvv> </vvvvvvvvvvv> </vvvvvvvvvvv> </vvvvvvvvvvv> </vvvvvvvvvvv> </vvvvvvvvvvv> </vvvvvvvvvvv> </vvvvvvvvvvv> </vvvvvvvvvvv> </vvvvvvvvvvv> </vvvvvvvvvvv> </vvvvvvvvvvv> </vvvvvvvvvvv> </vvvvvvvvvvv> </vvvvvvvvvvv"
uX-G8wJ5wSxmtNvsKkQg61kTOFczKm8b-turn9,which arc from q2," {'ar': 'Transition', 'da': 'Ta:setQuestion', 'in': 'fsa-practical','sn': '[]','sv': '[]'} ","{'ar': 'Transition', 'da': 'Ta:setQuestion', 'in': 'fsa-practical', 'sn': ""['transitions']"", 'sv': ""[[('q2','?','?')]]""}","<s> [INST] Given the following input in (INPUT), you have to generate the corresponding json in (ANW) [/INST] [INPUT] which arc from q2 [/INPUT] [ANW] {'ar': 'Transition', 'da': 'Ta:setQuestion', 'in': 'fsa-practical','sn': '[]','sv': '[]'} [/ANW] </s> </s> </s> </s> </s> </s> </s> </s> </s> </s> </s> </s> </s> </s> </s> </s> </s> </s> </s> </s> </s> </s> </s> </s> </s> </s> </s> </s> </s> </s> </s> </s> </s> </s> </s> </s> </s> </s> </s> </s> </s> </s> </s> </s> </s> </s> </s> </s> </s> </s> </s> </s> </s> </s> </s> </s> </s> </s> </s> </s> </s> </s> </s> </s> </s> </s> </s> </s> </s> </s> </s> </s> </s> </s> </s> </s> </s> </s> </s> </s> </s> </s> </s> </s> </s> </s> </s> </s> </s> </s> </s> </s> </s> </s> </s> </s> </s> </s> </s> </s> </s> </s> </s> </s> </s> </s> </s> </s> </s> </s> </s> </s> </s> </s> </s> </s> </s> </s> </s> </s> </s> </s> </s> </s> </s> </s> </s> </s> </s> </s> </s> </s> </s> </s> </s> </s> </s> </s> </s>"
FaSMl3Iu-Kr6owi4byJ2me2wFzk-c7oM-turn1,vorrei una descrizione di automa1 ," {'ar': 'automaton', 'da': 'automata', 'in': 'automaton-type','sn': 'NomiAutomata', 'tv': 'NomiAutomata', 'tvData': 'NomiAutomata:auto1'} ","{'ar': 'automaton', 'da': 'Ta:request', 'in': 'fsa-practical', 'sn': '[]', 'sv': '[]'}","<s> [INST] Given the following input in (INPUT), you have to generate the corresponding json in (ANW) [/INST] [INPUT] vorrei una descrizione di automa1  [/INPUT] [ANW] {'ar': 'automaton', 'da': 'automata', 'in': 'automaton-type','sn': 'NomiAutomata', 'tv': 'NomiAutomata', 'tvData': 'NomiAutomata:auto1'} [/ANW] </s> </s> </s> </s> </s> </s> </s> </s> </s> </s> </s> </s> </s> </s> </s> </s> </s> </s> </s> </s> </s> </s> </s> </s> </s> </s> </s> </s> </s> </s> </s> </s> </s> </s> </s> </s> </s> </s> </s> </s> </s> </s> </s> </s> </s> </s> </s> </s> </s> </s> </s> </s> </s> </s> </s> </s> </s> </s> </s> </s> </s> </s> </s> </s> </s> </s> </s> </s> </s> </s> </s> </s> </s> </s> </s> </s> </s> </s> </s> </s> </s> </s> </s> </s> </s> </s> </s> </s> </s> </s> </s> </s> </s> </s> </s> </s> </s> </s> </s> </s> </s> </s> </s> </s> </s> </s> </s> </s> </s> </s> </s> </s> </s> </s> </s> </s> </s> </s> </s> </s> </s> </s> </s> </s> </s> </s> </s> </s> </s> </s> </s> </s"
Em5Mj8ykVSTl8U4QKIZ_n7L1bF8H1kL1-turn31,transition from q3," {'state': 'q4', 'alphabet': 'F', 'transitions': {'q3': {'q4': 'N'}}, 'initial': 'q3'} ","{'ar': 'Transition', 'da': 'Ta:request', 'in': 'fsa-practical', 'sn': ""['transitions']"", 'sv': ""[[('q3','?','?')]]""}","<s> [INST] Given the following input in (INPUT), you have to generate the corresponding json in (ANW) [/INST] [INPUT] transition from q3 [/INPUT] [ANW] {'state': 'q4', 'alphabet': 'F', 'transitions': {'q3': {'q4': 'N'}}, 'initial': 'q3'} [/ANW] </s> </s> </s> </s> </s> </s> </s> </s> </s> </s> </s> </s> </s> </s> </s> </s> </s> </s> </s> </s> </s> </s> </s> </s> </s> </s> </s> </s> </s> </s> </s> </s> </s> </s> </s> </s> </s> </s> </s> </s> </s> </s> </s> </s> </s> </s> </s> </s> </s> </s> </s> </s> </s> </s> </s> </s> </s> </s> </s> </s> </s> </s> </s> </s> </s> </s> </s> </s> </s> </s> </s> </s> </s> </s> </s> </s> </s> </s> </s> </s> </s> </s> </s> </s> </s> </s> </s> </s> </s> </s> </s> </s> </s> </s> </s> </s> </s> </s> </s> </s> </s> </s> </s> </s> </s> </s> </s> </s> </s> </s> </s> </s> </s> </s> </s> </s> </s> </s> </s> </s> </s> </s> </s> </s> </s> </s> </s> </s> </s> </s> </s> </s> </s> </s> </s> </s> </s> </s> </s>"
conversation10-turn43,suggest me some question," {'ar': 'Nan', 'da': 'Ta:Provisionnement; se:Question', 'in': 'Nan','sn': '[]','sv': '[]'} ","{'ar': 'Nan', 'da': 'Ta:request', 'in': 'Nan', 'sn': '[]', 'sv': '[]'}","<s> [INST] Given the following input in (INPUT), you have to generate the corresponding json in (ANW) [/INST] [INPUT] suggest me some question [/INPUT] [ANW] {'ar': 'Nan', 'da': 'Ta:Provisionnement; se:Question', 'in': 'Nan','sn': '[]','sv': '[]'} [/ANW] </s> </s> </s> </s> </s> </s> </s> </s> </s> </s> </s> </s> </s> </s> </s> </s> </s> </s> </s> </s> </s> </s> </s> </s> </s> </s> </s> </s> </s> </s> </s> </s> </s> </s> </s> </s> </s> </s> </s> </s> </s> </s> </s> </s> </s> </s> </s> </s> </s> </s> </s> </s> </s> </s> </s> </s> </s> </s> </s> </s> </s> </s> </s> </s> </s> </s> </s> </s> </s> </s> </s> </s> </s> </s> </s> </s> </s> </s> </s> </s> </s> </s> </s> </s> </s> </s> </s> </s> </s> </s> </s> </s> </s> </s> </s> </s> </s> </s> </s> </s> </s> </s> </s> </s> </s> </s> </s> </s> </s> </s> </s> </s> </s> </s> </s> </s> </s> </s> </s> </s> </s> </s> </s> </s> </s> </s> </s> </s> </s> </s> </s> </s> </s> </s> </s> </s> </s> </s"
conversation1-turn26,q1 is a state of this automaton. from q1 to q2 there is a transition marked          with 1. also from q0 to q1 there is a transition marked with 1.," {'ar': 'Transition', 'da': 'Ta:Alphabet', 'in': 'fsa-practical','sn': '[]','sv': '[(q1,(1,' + 'q2','1'),('q0','1'))]'} ","{'ar': 'State', 'da': 'Ta:answer', 'in': 'fsa-practical', 'sn': ""['transitions']"", 'sv': ""[[('q1','q2','1'),('q0','q1','1')]]""}","<s> [INST] Given the following input in (INPUT), you have to generate the corresponding json in (ANW) [/INST] [INPUT] q1 is a state of this automaton. from q1 to q2 there is a transition marked          with 1. also from q0 to q1 there is a transition marked with 1. [/INPUT] [ANW] {'ar': 'Transition', 'da': 'Ta:Alphabet', 'in': 'fsa-practical','sn': '[]','sv': '[(q1,(1,' + 'q2','1'),('q0','1'))]'} [/ANW] </s> </s> </s> </s> </s> </s> </s> </s> </s> </s> </s> </s> </s> </s> </s> </s> </s> </s> </s> </s> </s> </s> </s> </s> </s> </s> </s> </s> </s> </s> </s> </s> </s> </s> </s> </s> </s> </s> </s> </s> </s> </s> </s> </s> </s> </s> </s> </s> </s> </s> </s> </s> </s> </s> </s> </s> </s> </s> </s> </s> </s> </s> </s> </s> </s> </s> </s> </s> </s> </s> </s> </s> </s> </s> </s> </s> </s> </s> </s> </s> </s> </s> </s> </s> </s> </s> </s> </s> </s> </s> </s> </s> </s> </s> </s> </s> </s> </s> </s> </s> </s> </s> </s> </s> </s> </s> </s> </s> </s> </s> </s> </s> </s> </s> </s> </s> </s> </s> </s> </s> </"
conversation9-turn16,"a finite-state automaton is a dynamic, discrete, invariant system          in which the sets of input, output and state are finite.          the system can be in any of a finite number of internal states that define the automaton.          a particularly important class of automata is that of automata capable of recognizing          whether or not a string is part of a given language or not: recognizer automata.          such a finite-state automaton consists of a finite set of states and a finite set of          transitions from one state to another. for each distinct pair formed by a state of the          automaton (the departure state) and an alphabet symbol, there is a transition to an          arrival state. the symbol of the pair is said to be associated with the transition, or          even that the transition ""accepts the symbol."" the state of arrival state can also          coincide with the start state. each finite-state automaton is uniquely associated with an          oriented graph called a transition diagram. the nodes of the graph coincide with the          states of the automaton. if there is a transition from state q to state p with a as the          associated symbol, then there is an arc oriented from node q to node p and labeled with          the symbol a. see the homepage for more."," {'ar': 'automaton', 'da': 'Ta:AutomatonType', 'in': 'fsa-theoretical','sn': '[]','sv': '[]'} ","{'ar': 'automaton', 'da': 'Ta:answer', 'in': 'fsa-theoretical', 'sn': '[]', 'sv': '[]'}","<s> [INST] Given the following input in (INPUT), you have to generate the corresponding json in (ANW) [/INST] [INPUT] a finite-state automaton is a dynamic, discrete, invariant system          in which the sets of input, output and state are finite.          the system can be in any of a finite number of internal states that define the automaton.          a particularly important class of automata is that of automata capable of recognizing          whether or not a string is part of a given language or not: recognizer automata.          such a finite-state automaton consists of a finite set of states and a finite set of          transitions from one state to another. for each distinct pair formed by a state of the          automaton (the departure state) and an alphabet symbol, there is a transition to an          arrival state. the symbol of the pair is said to be associated with the transition, or          even that the transition ""accepts the symbol."" the state of arrival state can also          coincide with the start state. each finite-state automaton is uniquely associated with an          oriented graph called a transition diagram. the nodes of the graph coincide with the          states of the automaton. if there is a transition from state q to state p with a as the          associated symbol, then there is an arc oriented from node q to node p and labeled with          the symbol a. see the homepage for more. [/INPUT] [ANW] {'ar': 'automaton', 'da': 'Ta:AutomatonType', 'in': 'fsa-theoretical','sn': '[]','sv': '[]'} [/ANW] </s> </s> </s> </s> </s> </s> </s> </s> </s> </s> </s> </s> </s> </s> </s> </s> </s> </s> </s> </s> </s> </s> </s> </s> </s> </s> </s> </s> </s> </s> </s> </s> </s> </s> </s> </s> </s> </s> </s> </s> </s> </s> </s> </s> </s> </s> </s> </s> </s> </s> </s> </s> </s>"
conversation7-turn8,"this automaton has five transitions. from q0 to q1 there is an arc          marked as 1. from q1 to q2 there is another arc marked as 1. from q2 to q3 there is an arc          marked as 1. from q3 to q4 there is an arc marked as 0. finally, from q4 to q0 there is an          arc marked as 0."," {'ar': 'Transition', 'da': 'Ta:q1-to-q2', 'in': 'Nan','sn': '[]','sv': '[]'} ","{'ar': 'automaton', 'da': 'Ta:answer', 'in': 'fsa-practical', 'sn': ""['numberOfTransitions','transitions']"", 'sv': ""['5',[('q0','q1','1'),('q1','q2','1'),('q2','q3','1'),('q3','q4','0'),('q4','q0','0')]]""}","<s> [INST] Given the following input in (INPUT), you have to generate the corresponding json in (ANW) [/INST] [INPUT] this automaton has five transitions. from q0 to q1 there is an arc          marked as 1. from q1 to q2 there is another arc marked as 1. from q2 to q3 there is an arc          marked as 1. from q3 to q4 there is an arc marked as 0. finally, from q4 to q0 there is an          arc marked as 0. [/INPUT] [ANW] {'ar': 'Transition', 'da': 'Ta:q1-to-q2', 'in': 'Nan','sn': '[]','sv': '[]'} [/ANW] </s> </s> </s> </s> </s> </s> </s> </s> </s> </s> </s> </s> </s> </s> </s> </s> </s> </s> </s> </s> </s> </s> </s> </s> </s> </s> </s> </s> </s> </s> </s> </s> </s> </s> </s> </s> </s> </s> </s> </s> </s> </s> </s> </s> </s> </s> </s> </s> </s> </s> </s> </s> </s> </s> </s> </s> </s> </s> </s> </s> </s> </s> </s> </s> </s> </s> </s> </s> </s> </s> </s> </s> </s> </s> </s> </s> </s> </s> </s> </s> </s> </s> </s> </s> </s> </s> </s> </s> </s> </s> </s> </s> </s> </s> </s> </s> </s> </s> </s> </s> </s> </s> </s> </s> </s> </s> </s> </s> </s> </s> </s>"
q9Tw8Mb_nRwbwBOy-cnCELz2dVncJh-T-turn19,can you describe the input and the output ," {'ar': 'Nan', 'da': 'Ta:propositionalQuestion', 'in': 'Nan','sn': 'Nan','sv': 'Nan'} ","{'ar': 'Language', 'da': 'Ta:request', 'in': 'fsa-practical', 'sn': ""['input','output']"", 'sv': ""['?','?']""}","<s> [INST] Given the following input in (INPUT), you have to generate the corresponding json in (ANW) [/INST] [INPUT] can you describe the input and the output  [/INPUT] [ANW] {'ar': 'Nan', 'da': 'Ta:propositionalQuestion', 'in': 'Nan','sn': 'Nan','sv': 'Nan'} [/ANW] </s> </s> </s> </s> </s> </s> </s> </s> </s> </s> </s> </s> </s> </s> </s> </s> </s> </s> </s> </s> </s> </s> </s> </s> </s> </s> </s> </s> </s> </s> </s> </s> </s> </s> </s> </s> </s> </s> </s> </s> </s> </s> </s> </s> </s> </s> </s> </s> </s> </s> </s> </s> </s> </s> </s> </s> </s> </s> </s> </s> </s> </s> </s> </s> </s> </s> </s> </s> </s> </s> </s> </s> </s> </s> </s> </s> </s> </s> </s> </s> </s> </s> </s> </s> </s> </s> </s> </s> </s> </s> </s> </s> </s> </s> </s> </s> </s> </s> </s> </s> </s> </s> </s> </s> </s> </s> </s> </s> </s> </s> </s> </s> </s> </s> </s> </s> </s> </s> </s> </s> </s> </s> </s> </s> </s> </s> </s> </s> </s> </s> </s> </s> </s> </s> </s> </s> </"
ijaiv0hGDVwkzukjPHEmUC6QtX9wfCHf-turn21,is q0 a final state ," {'ar': 'State', 'da': 'Ta:propositionalQuestion', 'in': 'fsa-practical','sn': ""['finalStates']"",'sv': ""[['q0']]""} ","{'ar': 'State', 'da': 'Ta:propositionalQuestion', 'in': 'fsa-practical', 'sn': ""['finalStates']"", 'sv': ""[['q0']]""}","<s> [INST] Given the following input in (INPUT), you have to generate the corresponding json in (ANW) [/INST] [INPUT] is q0 a final state  [/INPUT] [ANW] {'ar': 'State', 'da': 'Ta:propositionalQuestion', 'in': 'fsa-practical','sn': ""['finalStates']"",'sv': ""[['q0']]""} [/ANW] </s> </s> </std> </structuredType> </input> </output> </correspondence> </structuredSequence> </automaton> </automatonState</automatonTransition> </alphabet> </language> </parseType> </patternType> </inputType> </inputStructuringType> </inputType> </input> </correspondence> </structuredSequence> </automaton> </automatonState</automatonTransition> </alphabet> </language> </parseType> </patternType> </inputType> </inputStructuringType> </inputType> </input> </correspondence> </structuredSequence> </automaton> </automatonState</automatonTransition> </alphabet> </language> </parseType> </patternType> </inputType> </inputStructuringType> </inputType> </input> </correspondence> </structuredSequence> </automaton> </automatonState</automatonTransition> </alphabet> </language> </parseType> </patternType> </inputType> </inputStructuringType> </inputType> </input> </correspondence> </structuredSequence> </automaton> </automatonState</automatonTransition> </alphabet> </language> </parseType> </patternType> </inputType> </inputStructuringType> </inputType> </input> </correspondence> </structuredSequence> </automaton> </automatonState</automatonTransition> </alphabet> </language> </parseType> </patternType> </inputType> </inputStructuringType> </inputType> </input> </correspondence> </structuredSequence> </automaton> </automatonState</automatonTransition> </alphabet> </language> </parseType> </patternType> </inputType> </inputStructuringType> </inputType> </input> </correspondence> </structuredSequence>"
gQZalALP9AxsFfEPC9Lm_JhIimMxTW_j-turn15,is there an arc from q4 to q0 ," {'ar': 'Transition', 'da': 'Ta:isQuestion', 'in': 'fsa-practical','sn': '[]','sv': '[]'} ","{'ar': 'Transition', 'da': 'Ta:propositionalQuestion', 'in': 'fsa-practical', 'sn': ""['transitions']"", 'sv': ""[[('q4','q0','?')]]""}","<s> [INST] Given the following input in (INPUT), you have to generate the corresponding json in (ANW) [/INST] [INPUT] is there an arc from q4 to q0  [/INPUT] [ANW] {'ar': 'Transition', 'da': 'Ta:isQuestion', 'in': 'fsa-practical','sn': '[]','sv': '[]'} [/ANW] </s> </s> </std> </structuredType> </structuredType> </inputType> </inputType> </answertype> </answertype> </automatonType> </automatonType> </automatonType> </automatonType> </automatonType> </automatonType> </automatonType> </automatonType> </automatonType> </automatonType> </automatonType> </automatonType> </automatonType> </automatonType> </automatonType> </automatonType> </automatonType> </automatonType> </automatonType> </automatonType> </automatonType> </automatonType> </automatonType> </automatonType> </automatonType> </automatonType> </automatonType> </automatonType> </automatonType> </automatonType> </automatonType> </automatonType> </automatonType> </automatonType> </automatonType> </automatonType> </automatonType> </automatonType> </automatonType> </automatonType> </automatonType> </automatonType> </automatonType> </automatonType> </automatonType> </automatonType> </automatonType> </automatonType> </automatonType> </automatonType> </automatonType> </automatonType> </automatonType> </automatonType> </automatonType> </automatonType> </automatonType> </automatonType> </automatonType> </automatonType> </automatonType> </automatonType> </automatonType> </automatonType> </automatonType> </automatonType> </automatonType> </automatonType> </automatonType> </automatonType> </automatonType> </automatonType> </automatonType> </automatonType> </automatonType> </"
FaSMl3Iu-Kr6owi4byJ2me2wFzk-c7oM-turn3,descrivi l automa ," {'ar': 'automaton', 'da': 'automata', 'in': 'automatonType','sn': 'automatonType','sv': 'automatique'} ","{'ar': 'automaton', 'da': 'Ta:request', 'in': 'fsa-practical', 'sn': '[]', 'sv': '[]'}","<s> [INST] Given the following input in (INPUT), you have to generate the corresponding json in (ANW) [/INST] [INPUT] descrivi l automa  [/INPUT] [ANW] {'ar': 'automaton', 'da': 'automata', 'in': 'automatonType','sn': 'automatonType','sv': 'automatique'} [/ANW] </s> </s> </s> </s> </s> </s> </s> </s> </s> </s> </s> </s> </s> </s> </s> </s> </s> </s> </s> </s> </s> </s> </s> </s> </s> </s> </s> </s> </s> </s> </s> </s> </s> </s> </s> </s> </s> </s> </s> </s> </s> </s> </s> </s> </s> </s> </s> </s> </s> </s> </s> </s> </s> </s> </s> </s> </s> </s> </s> </s> </s> </s> </s> </s> </s> </s> </s> </s> </s> </s> </s> </s> </s> </s> </s> </s> </s> </s> </s> </s> </s> </s> </s> </s> </s> </s> </s> </s> </s> </s> </s> </s> </s> </s> </s> </s> </s> </s> </s> </s> </s> </s> </s> </s> </s> </s> </s> </s> </s> </s> </s> </s> </s> </s> </s> </s> </s> </s> </s> </s> </s> </s> </s> </s> </s> </s> </s> </s> </s> </s> </s> </s> </s> </s> </s> </s> </s> </s"
"""meno""pu7A-turn17",is there an arc from q0 to q1 ," {'ar': 'Transition', 'da': 'Ta:isQuestion', 'in': 'fsa-practical','sn': '[]','sv': '[]'} ","{'ar': 'Transition', 'da': 'Ta:propositionalQuestion', 'in': 'fsa-practical', 'sn': ""['transitions']"", 'sv': ""[[('q0','q1','?')]]""}","<s> [INST] Given the following input in (INPUT), you have to generate the corresponding json in (ANW) [/INST] [INPUT] is there an arc from q0 to q1  [/INPUT] [ANW] {'ar': 'Transition', 'da': 'Ta:isQuestion', 'in': 'fsa-practical','sn': '[]','sv': '[]'} [/ANW] </s> </s> </std> </struct> </spacematrix> </xml> </dsim> </dsimul> </automaton> </automatonfalse> </automatontheory></automatontheoryFalse></automatontheoryFalse></automaton></automatonfalse></automaton></automatonfalse></automaton></automatonfalse></automaton></automatonfalse></automaton></automatonfalse></automaton></automatonfalse></automaton></automatonfalse></automaton></automatonfalse></automaton></automatonfalse></automaton></automatonfalse></automaton></automatonfalse></automaton></automatonfalse></automaton></automatonfalse></automaton></automatonfalse></automaton></automatonfalse></automaton></automatonfalse></automaton></automatonfalse></automaton></automatonfalse></automaton></automatonfalse></automaton></automatonfalse></automaton></automatonfalse></automaton></automatonfalse></automaton></automatonfalse></automaton></automatonfalse></automaton></automatonfalse></automaton></automatonfalse></automaton></automatonfalse></automaton></automatonfalse></automaton></automatonfalse></automaton></automatonfalse></automaton></automatonfalse></automaton></automatonfalse></automaton></automatonfalse></automaton></automatonfalse></automaton></automatonfalse></automaton></automatonfalse></automaton></automatonfalse></automaton></automatonfalse></automaton></automatonfalse></automaton></automatonfalse></automaton></automatonfalse></automaton></automatonfalse></automaton></automatonfalse></automaton></automatonfalse></automaton></"
bq9WYgxCi_ATitsSgtUQUUqZSE2kbkAz-turn15, how is the automaton ," {'ar': 'automaton', 'da': 'Ta:automatonType', 'in': 'fsa-practical','sn': '[]','sv': '[]'} ","{'ar': 'automaton', 'da': 'Ta:setQuestion', 'in': 'fsa-practical', 'sn': '[]', 'sv': '[]'}","<s> [INST] Given the following input in (INPUT), you have to generate the corresponding json in (ANW) [/INST] [INPUT]  how is the automaton  [/INPUT] [ANW] {'ar': 'automaton', 'da': 'Ta:automatonType', 'in': 'fsa-practical','sn': '[]','sv': '[]'} [/ANW] </s> </s> </s> </s> </s> </s> </s> </s> </s> </s> </s> </s> </s> </s> </s> </s> </s> </s> </s> </s> </s> </s> </s> </s> </s> </s> </s> </s> </s> </s> </s> </s> </s> </s> </s> </s> </s> </s> </s> </s> </s> </s> </s> </s> </s> </s> </s> </s> </s> </s> </s> </s> </s> </s> </s> </s> </s> </s> </s> </s> </s> </s> </s> </s> </s> </s> </s> </s> </s> </s> </s> </s> </s> </s> </s> </s> </s> </s> </s> </s> </s> </s> </s> </s> </s> </s> </s> </s> </s> </s> </s> </s> </s> </s> </s> </s> </s> </s> </s> </s> </s> </s> </s> </s> </s> </s> </s> </s> </s> </s> </s> </s> </s> </s> </s> </s> </s> </s> </s> </s> </s> </s> </s> </s> </s> </s> </s> </s> </s> </s> </s> </s> </s> </s> </s> </s> </s> </"
conversation10-turn29,output," {'ar': 'Nan', 'da': 'Ta:propositionalQuestion', 'in': 'Nan','sn': '[]','sv': '[]'} ","{'ar': 'automaton', 'da': 'Ta:request', 'in': 'fsa-practical', 'sn': ""['output']"", 'sv': ""['?']""}","<s> [INST] Given the following input in (INPUT), you have to generate the corresponding json in (ANW) [/INST] [INPUT] output [/INPUT] [ANW] {'ar': 'Nan', 'da': 'Ta:propositionalQuestion', 'in': 'Nan','sn': '[]','sv': '[]'} [/ANW] </s> </s> </s> </s> </s> </s> </s> </s> </s> </s> </s> </s> </s> </s> </s> </s> </s> </s> </s> </s> </s> </s> </s> </s> </s> </s> </s> </s> </s> </s> </s> </s> </s> </s> </s> </s> </s> </s> </s> </s> </s> </s> </s> </s> </s> </s> </s> </s> </s> </s> </s> </s> </s> </s> </s> </s> </s> </s> </s> </s> </s> </s> </s> </s> </s> </s> </s> </s> </s> </s> </s> </s> </s> </s> </s> </s> </s> </s> </s> </s> </s> </s> </s> </s> </s> </s> </s> </s> </s> </s> </s> </s> </s> </s> </s> </s> </s> </s> </s> </s> </s> </s> </s> </s> </s> </s> </s> </s> </s> </s> </s> </s> </s> </s> </s> </s> </s> </s> </s> </s> </s> </s> </s> </s> </s> </s> </s> </s> </s> </s> </s> </s> </s> </s> </s> </s> </s> </s> </s> </s"
bq9WYgxCi_ATitsSgtUQUUqZSE2kbkAz-turn19,how many arcs marked by 1 are there ," {'ar': 'Nan', 'da': 'Ta:propositionalQuestion', 'in': 'Nan','sn': '[]','sv': '[]'} ","{'ar': 'Transition', 'da': 'Ta:setQuestion', 'in': 'fsa-practical', 'sn': ""['transitions']"", 'sv': ""[[('?','?','1')]]""}","<s> [INST] Given the following input in (INPUT), you have to generate the corresponding json in (ANW) [/INST] [INPUT] how many arcs marked by 1 are there  [/INPUT] [ANW] {'ar': 'Nan', 'da': 'Ta:propositionalQuestion', 'in': 'Nan','sn': '[]','sv': '[]'} [/ANW] </s> </s> </s> </s> </s> </s> </s> </s> </s> </s> </s> </s> </s> </s> </s> </s> </s> </s> </s> </s> </s> </s> </s> </s> </s> </s> </s> </s> </s> </s> </s> </s> </s> </s> </s> </s> </s> </s> </s> </s> </s> </s> </s> </s> </s> </s> </s> </s> </s> </s> </s> </s> </s> </s> </s> </s> </s> </s> </s> </s> </s> </s> </s> </s> </s> </s> </s> </s> </s> </s> </s> </s> </s> </s> </s> </s> </s> </s> </s> </s> </s> </s> </s> </s> </s> </s> </s> </s> </s> </s> </s> </s> </s> </s> </s> </s> </s> </s> </s> </s> </s> </s> </s> </s> </s> </s> </s> </s> </s> </s> </s> </s> </s> </s> </s> </s> </s> </s> </s> </s> </s> </s> </s> </s> </s> </s> </s> </s> </s> </s> </s> </s> </s> </s> </s> </s> </s"
conversation10-turn37,is it a non-deterministic finite state automaton," {'ar': 'automaton', 'da': 'Ta:automataTa:non-deterministicFSA:', 'in': 'fsa-theoretical','sn': '[]'} ","{'ar': 'automaton', 'da': 'Ta:propositionalQuestion', 'in': 'fsa-practical', 'sn': ""['automatonType']"", 'sv': ""['nonDeterministic']""}","<s> [INST] Given the following input in (INPUT), you have to generate the corresponding json in (ANW) [/INST] [INPUT] is it a non-deterministic finite state automaton [/INPUT] [ANW] {'ar': 'automaton', 'da': 'Ta:automataTa:non-deterministicFSA:', 'in': 'fsa-theoretical','sn': '[]'} [/ANW] </s> </s> </std> </str> </sv> </ds> </dt> </d> </p> </q> </fs> </g> </f> </se> </st> </sa> </ss> </tv> </t> </tt> </tv> </tt> </ta> </tnp> </tnt> </tse> </tsa> </tsn> </tsv> </dt> </d> </p> </q> </fs> </g> </f> </se> </st> </sa> </ss> </sv> </dt> </d> </p> </q> </fs> </g> </f> </se> </st> </sa> </ss> </tv> </t> </tt> </ta> </tnp> </tnt> </tse> </tsa> </tsn> </tsv> </dt> </d> </p> </q> </fs> </g> </f> </se> </st> </sa> </ss> </sv> </dt> </d> </p> </q> </fs> </g> </f> </se> </st> </sa> </ss> </tv> </t> </tt> </ta> </tnp> </tnt> </tse> </tsa> </tsn> </tsv> </dt> </d> </p> </q> </fs> </g> </f> </se> </st> </sa> </ss> </sv> </dt> </d> </p> </q> </fs> </g> </f> </se> </st> </sa> </ss> </tv> </t> </tt> </ta> </tnp> </tnt> </tse> </tsa> </tsn> </tsv"
CW4txSkffsEwrT2wLOzWbeScRrQESVBu-turn14,this automaton accepts zero or more words in a binary alphabet formed by a sequence of a triple of 1s followed by a pair of 0s.," {'ar': 'automaton', 'da': 'Ta:input', 'in': 'fsa-practical','sn': 'alphabet','sv': '{'}} ","{'ar': 'Language', 'da': 'Ta:answer', 'in': 'fsa-practical', 'sn': ""['alphabet','input']"", 'sv': ""[['0','1'],'11100']""}","<s> [INST] Given the following input in (INPUT), you have to generate the corresponding json in (ANW) [/INST] [INPUT] this automaton accepts zero or more words in a binary alphabet formed by a sequence of a triple of 1s followed by a pair of 0s. [/INPUT] [ANW] {'ar': 'automaton', 'da': 'Ta:input', 'in': 'fsa-practical','sn': 'alphabet','sv': '{'}} [/ANW] </s> </s> </s> </s> </s> </s> </s> </s> </s> </s> </s> </s> </s> </s> </s> </s> </s> </s> </s> </s> </s> </s> </s> </s> </s> </s> </s> </s> </s> </s> </s> </s> </s> </s> </s> </s> </s> </s> </s> </s> </s> </s> </s> </s> </s> </s> </s> </s> </s> </s> </s> </s> </s> </s> </s> </s> </s> </s> </s> </s> </s> </s> </s> </s> </s> </s> </s> </s> </s> </s> </s> </s> </s> </s> </s> </s> </s> </s> </s> </s> </s> </s> </s> </s> </s> </s> </s> </s> </s> </s> </s> </s> </s> </s> </s> </s> </s> </s> </s> </s> </s> </s> </s> </s> </s> </s> </s> </s> </s> </s> </s> </s> </s> </s> </s> </s> </s> </s> </s> </s> </s> </s> </s> </s> </s> </s> </s> </s> </s> </s"
ctyHWUgv9B_kHA6DNcrgMxadmJZJ1sHa-turn11,how many transitions does the automaton contain ," {'ar': 'Transition', 'da': 'Ta:setQuestion', 'in': 'fsa-practical','sn': 'numberOfTransitions','sv': 'N/A'} ","{'ar': 'Transition', 'da': 'Ta:setQuestion', 'in': 'fsa-practical', 'sn': ""['numberOfTransitions']"", 'sv': ""['?']""}","<s> [INST] Given the following input in (INPUT), you have to generate the corresponding json in (ANW) [/INST] [INPUT] how many transitions does the automaton contain  [/INPUT] [ANW] {'ar': 'Transition', 'da': 'Ta:setQuestion', 'in': 'fsa-practical','sn': 'numberOfTransitions','sv': 'N/A'} [/ANW] </s> </s> </s> </s> </s> </s> </s> </s> </s> </s> </s> </s> </s> </s> </s> </s> </s> </s> </s> </s> </s> </s> </s> </s> </s> </s> </s> </s> </s> </s> </s> </s> </s> </s> </s> </s> </s> </s> </s> </s> </s> </s> </s> </s> </s> </s> </s> </s> </s> </s> </s> </s> </s> </s> </s> </s> </s> </s> </s> </s> </s> </s> </s> </s> </s> </s> </s> </s> </s> </s> </s> </s> </s> </s> </s> </s> </s> </s> </s> </s> </s> </s> </s> </s> </s> </s> </s> </s> </s> </s> </s> </s> </s> </s> </s> </s> </s> </s> </s> </s> </s> </s> </s> </s> </s> </s> </s> </s> </s> </s> </s> </s> </s> </s> </s> </s> </s> </s> </s> </s> </s> </s> </s> </s> </s> </s> </s> </s> </s> </s> </s> </s> </s> </s> </s> </s> </s"
CW4txSkffsEwrT2wLOzWbeScRrQESVBu-turn22,"there are a total of 5 states. q0, q1, q2, q3, and q4. q0 is both initial and final   state."," {'ar': 'State', 'da': 'Ta:InitialState;Ta:suggests:Transition', 'in': 'fs': 'Nan','sn': ""['q0','q1','q2','q3','q4']"",'sv': ""['initial','final']""} ","{'ar': 'State', 'da': 'Ta:answer', 'in': 'fsa-practical', 'sn': ""['numberOfStates','states','initialState','finalStates']"", 'sv': ""['5',['q0','q1','q2','q3','q4'],'q0',['q0']]""}","<s> [INST] Given the following input in (INPUT), you have to generate the corresponding json in (ANW) [/INST] [INPUT] there are a total of 5 states. q0, q1, q2, q3, and q4. q0 is both initial and final   state. [/INPUT] [ANW] {'ar': 'State', 'da': 'Ta:InitialState;Ta:suggests:Transition', 'in': 'fs': 'Nan','sn': ""['q0','q1','q2','q3','q4']"",'sv': ""['initial','final']""} [/ANW] </s> </s> </s> </s> </s> </s> </s> </s> </s> </s> </s> </s> </s> </s> </s> </s> </s> </s> </s> </s> </s> </s> </s> </s> </s> </s> </s> </s> </s> </s> </s> </s> </s> </s> </s> </s> </s> </s> </s> </s> </s> </s> </s> </s> </s> </s> </s> </s> </s> </s> </s> </s> </s> </s> </s> </s> </s> </s> </s> </s> </s> </s> </s> </s> </s> </s> </s> </s> </s> </s> </s> </s> </s> </s> </s> </s> </s> </s> </s> </s> </s> </s> </s> </s> </s> </s> </s> </s> </s> </s> </s> </s> </s> </s> </s> </s> </s> </s> </s> </s> </s> </s> </s> </s> </s> </s> </s> </s> </s> </s> </s> </s> </s> </s> </s> </s> </s> </s> </s> </s>"
conversation3-turn15,are there some pattern," {'ar': 'Pattern', 'da': 'Ta:propositionalQuestion', 'in': 'fsa-practical','sn': 'patternType','sv': 'N/A'} ","{'ar': 'Pattern', 'da': 'Ta:setQuestion', 'in': 'fsa-practical', 'sn': ""['patternType']"", 'sv': ""['?']""}","<s> [INST] Given the following input in (INPUT), you have to generate the corresponding json in (ANW) [/INST] [INPUT] are there some pattern [/INPUT] [ANW] {'ar': 'Pattern', 'da': 'Ta:propositionalQuestion', 'in': 'fsa-practical','sn': 'patternType','sv': 'N/A'} [/ANW] </s> 

<b> {'ar': 'Pattern', 'da': 'Ta:propositionalQuestion', 'in': 'fsa-practical','sn': 'patternType','sv': 'N/A'} </b> </s> 

</s> 

<b> {'ar': 'Pattern', 'da': 'Ta:question', 'in': 'fsa-practical','sn': 'patternType','sv': 'N/A'} </b> </s> 

<b> {'ar': 'Pattern', 'da': 'Ta:propositionalQuestion', 'in': 'fsa-practical','sn': 'patternType','sv': 'N/A'} </b> </s> 

</s> 

<b> {'ar': 'Pattern', 'da': 'Ta:propositionalQuestion', 'in': 'fsa-practical','sn': 'patternType','sv': 'N/A'} </b> </s> 

<b> {'ar': 'Pattern', 'da': 'Ta:question', 'in': 'fsa-practical','sn': 'patternType','sv': 'N/A'} </b> </s> 

</s> 

<b> {'ar': 'Pattern', 'da': 'Ta:propositionalQuestion', 'in': 'fsa-practical','sn': 'patternType','sv': 'N/A'} </b> </s> 

<b> {'ar': 'Pattern', 'da': 'Ta:propositionalQuestion', 'in': 'fsa-practical','sn': 'patternType','sv': 'N/A'} </b> </s> 

</s> 

<b> {'ar': 'Pattern', 'da': 'Ta:propositionalQuestion', 'in': 'fsa-practical','sn': 'patternType','sv': 'N/A'} </b> </s> 

<b> {'ar': 'Pattern"
w05LD7si_oM5jBhxC-dUqFBsx77pOFB2-turn3,how many arcs are there in the automata ," {'ar': 'Nan', 'da': 'Ta:propositionalQuestion', 'in': 'automaton-theoretical','sn': '[]','sv': '[]'} ","{'ar': 'Transition', 'da': 'Ta:setQuestion', 'in': 'fsa-practical', 'sn': ""['numberOfTransitions']"", 'sv': ""['?']""}","<s> [INST] Given the following input in (INPUT), you have to generate the corresponding json in (ANW) [/INST] [INPUT] how many arcs are there in the automata  [/INPUT] [ANW] {'ar': 'Nan', 'da': 'Ta:propositionalQuestion', 'in': 'automaton-theoretical','sn': '[]','sv': '[]'} [/ANW] </s> </s> </std> </struct> </data> </doc> </lang> </rtf> </stm> </tsm> </tssm> </tstm> </vtm> </vtm> </vvm> </vdd> </vds> </vdsa> </vdsr> </vdsst; </vdsu; </vdss; </vdt; </vdtm; </vdtssm> </vdtssm> </vds; </vdsa; </vdsar; </vdsat; </vdsatm; </vdsatssm> </vdsatst; </vdsatstm; </vdsatstssm> </vdsatstssm> </vdsatstssm> </vdsatstssm> </vdsatstssm> </vdsatstssm> </vdsatstssm> </vdsatstssm> </vdsatstssm> </vdsatstssm> </vdsatstssm> </vdsatstssm> </vdsatstssm> </vdsatstssm> </vdsatstssm> </vdsatstssm> </vdsatstssm> </vdsatstssm> </vdsatstssm> </vdsatstssm> </vdsatstssm> </vdsatstssm> </vdsatstssm> </vdsatstssm> </vdsatstssm> </vdsatstssm> </vdsatstssm> </vdsatstssm> </vdsatstssm> </vdsatstssm> </vdsatstssm> </vdsatstssm"
conversation2-turn3,is the automation a dfa or nfa," {'ar': 'automaton', 'da': 'Ta:automatonType', 'in': 'fsa-theoretical','sn': '[]','sv': '[]'} ","{'ar': 'automaton', 'da': 'Ta:propositionalQuestion', 'in': 'fsa-practical', 'sn': ""['automatonType']"", 'sv': ""['?']""}","<s> [INST] Given the following input in (INPUT), you have to generate the corresponding json in (ANW) [/INST] [INPUT] is the automation a dfa or nfa [/INPUT] [ANW] {'ar': 'automaton', 'da': 'Ta:automatonType', 'in': 'fsa-theoretical','sn': '[]','sv': '[]'} [/ANW] </s> </s> </std> </struct> </data> </ds> </dtm> </dtaf> </dtaf> </dtaf> </dtaf> </dtaf> </dtaf> </dtaf> </dtaf> </dtaf> </dtaf> </dtaf> </dtaf> </dtaf> </dtaf> </dtaf> </dtaf> </dtaf> </dtaf> </dtaf> </dtaf> </dtaf> </dtaf> </dtaf> </dtaf> </dtaf> </dtaf> </dtaf> </dtaf> </dtaf> </dtaf> </dtaf> </dtaf> </dtaf> </dtaf> </dtaf> </dtaf> </dtaf> </dtaf> </dtaf> </dtaf> </dtaf> </dtaf> </dtaf> </dtaf> </dtaf> </dtaf> </dtaf> </dtaf> </dtaf> </dtaf> </dtaf> </dtaf> </dtaf> </dtaf> </dtaf> </dtaf> </dtaf> </dtaf> </dtaf> </dtaf> </dtaf> </dtaf> </dtaf> </dtaf> </dtaf> </dtaf> </dtaf> </dtaf> </dtaf> </dtaf> </dtaf> </dtaf> </dtaf> </dtaf> </dtaf> </dtaf> </dtaf> </dta"
gQZalALP9AxsFfEPC9Lm_JhIimMxTW_j-turn12,"yes, there is a transition from q2 to q3 and is marked with 1. "," {'ar': 'Transition', 'da': 'Ta:answer', 'in': 'fsa-practical','sn': ""('q2','q3','?','1')""} ","{'ar': 'Transition', 'da': 'Ta:answer', 'in': 'fsa-practical', 'sn': ""['transitions']"", 'sv': ""[[('q2','q3','1')]]""}","<s> [INST] Given the following input in (INPUT), you have to generate the corresponding json in (ANW) [/INST] [INPUT] yes, there is a transition from q2 to q3 and is marked with 1.  [/INPUT] [ANW] {'ar': 'Transition', 'da': 'Ta:answer', 'in': 'fsa-practical','sn': ""('q2','q3','?','1')""} [/ANW] </s> </s> </s> </s> </s> </s> </s> </s> </s> </s> </s> </s> </s> </s> </s> </s> </s> </s> </s> </s> </s> </s> </s> </s> </s> </s> </s> </s> </s> </s> </s> </s> </s> </s> </s> </s> </s> </s> </s> </s> </s> </s> </s> </s> </s> </s> </s> </s> </s> </s> </s> </s> </s> </s> </s> </s> </s> </s> </s> </s> </s> </s> </s> </s> </s> </s> </s> </s> </s> </s> </s> </s> </s> </s> </s> </s> </s> </s> </s> </s> </s> </s> </s> </s> </s> </s> </s> </s> </s> </s> </s> </s> </s> </s> </s> </s> </s> </s> </s> </s> </s> </s> </s> </s> </s> </s> </s> </s> </s> </s> </s> </s> </s> </s> </s> </s> </s> </s> </s> </s> </s> </s> </s> </s> </s> </s> </s> </s> </s> </s> </s> </s> </s"
sveUGr-bCBUSZI2QFJORfflTpgefFbKW-turn17,can you describe me the automaton ," {'ar': 'automaton', 'da': 'Ta:request', 'in': 'fsa-practical','sn': '[]','sv': '[]'} ","{'ar': 'automaton', 'da': 'Ta:request', 'in': 'fsa-practical', 'sn': '[]', 'sv': '[]'}","<s> [INST] Given the following input in (INPUT), you have to generate the corresponding json in (ANW) [/INST] [INPUT] can you describe me the automaton  [/INPUT] [ANW] {'ar': 'automaton', 'da': 'Ta:request', 'in': 'fsa-practical','sn': '[]','sv': '[]'} [/ANW] </s> </s> </s> </s> </s> </s> </s> </s> </s> </s> </s> </s> </s> </s> </s> </s> </s> </s> </s> </s> </s> </s> </s> </s> </s> </s> </s> </s> </s> </s> </s> </s> </s> </s> </s> </s> </s> </s> </s> </s> </s> </s> </s> </s> </s> </s> </s> </s> </s> </s> </s> </s> </s> </s> </s> </s> </s> </s> </s> </s> </s> </s> </s> </s> </s> </s> </s> </s> </s> </s> </s> </s> </s> </s> </s> </s> </s> </s> </s> </s> </s> </s> </s> </s> </s> </s> </s> </s> </s> </s> </s> </s> </s> </s> </s> </s> </s> </s> </s> </s> </s> </s> </s> </s> </s> </s> </s> </s> </s> </s> </s> </s> </s> </s> </s> </s> </s> </s> </s> </s> </s> </s> </s> </s> </s> </s> </s> </s> </s> </s> </s> </s> </s> </s> </s> </s> </s> </s>"
q9Tw8Mb_nRwbwBOy-cnCELz2dVncJh-T-turn11,describe graphically automaton ," {'ar': 'automaton', 'da': 'Ta:automataTa:automataType:automatonType:auto', 'in': 'fsa-theoretical','sn': '[]','sv': '[]'} ","{'ar': 'automaton', 'da': 'Ta:request', 'in': 'fsa-practical', 'sn': ""['graphicRepresentation']"", 'sv': ""['?']""}","<s> [INST] Given the following input in (INPUT), you have to generate the corresponding json in (ANW) [/INST] [INPUT] describe graphically automaton  [/INPUT] [ANW] {'ar': 'automaton', 'da': 'Ta:automataTa:automataType:automatonType:auto', 'in': 'fsa-theoretical','sn': '[]','sv': '[]'} [/ANW] </s> </s> </s> </s> </s> </s> </s> </s> </s> </s> </s> </s> </s> </s> </s> </s> </s> </s> </s> </s> </s> </s> </s> </s> </s> </s> </s> </s> </s> </s> </s> </s> </s> </s> </s> </s> </s> </s> </s> </s> </s> </s> </s> </s> </s> </s> </s> </s> </s> </s> </s> </s> </s> </s> </s> </s> </s> </s> </s> </s> </s> </s> </s> </s> </s> </s> </s> </s> </s> </s> </s> </s> </s> </s> </s> </s> </s> </s> </s> </s> </s> </s> </s> </s> </s> </s> </s> </s> </s> </s> </s> </s> </s> </s> </s> </s> </s> </s> </s> </s> </s> </s> </s> </s> </s> </s> </s> </s> </s> </s> </s> </s> </s> </s> </s> </s> </s> </s> </s> </s> </s> </s> </s> </s> </s> </s> </s> </s> </s> </s> </s> </s> </s> </s> </s"
P-_bE79Vy1PQJqftQhKxblP_VtV-DNEF-turn3,how many states can i use in an automaton ," {'ar': 'State', 'da': 'Ta:setQuestion', 'in': 'fsa-practical','sn': 'Nan','sv': 'Nan'} ","{'ar': 'State', 'da': 'Ta:setQuestion', 'in': 'fsa-theoretical', 'sn': ""['numberOfStates']"", 'sv': ""['?']""}","<s> [INST] Given the following input in (INPUT), you have to generate the corresponding json in (ANW) [/INST] [INPUT] how many states can i use in an automaton  [/INPUT] [ANW] {'ar': 'State', 'da': 'Ta:setQuestion', 'in': 'fsa-practical','sn': 'Nan','sv': 'Nan'} [/ANW] </s> </s> </std> </str> </syms> </tsm> </tssm> </tstm> </tstsyms> </tstsswics> </ttsfsm> </ttsan; </ttsan> </ttsan> </ttsan> </ttsan> </ttsan> </ttsan> </ttsan> </ttsan> </ttsan> </ttsan> </ttsan> </ttsan> </ttsan> </ttsan> </ttsan> </ttsan> </ttsan> </ttsan> </ttsan> </ttsan> </ttsan> </ttsan> </ttsan> </ttsan> </ttsan> </ttsan> </ttsan> </ttsan> </ttsan> </ttsan> </ttsan> </ttsan> </ttsan> </ttsan> </ttsan> </ttsan> </ttsan> </ttsan> </ttsan> </ttsan> </ttsan> </ttsan> </ttsan> </ttsan> </ttsan> </ttsan> </ttsan> </ttsan> </ttsan> </ttsan> </ttsan> </ttsan> </ttsan> </ttsan> </ttsan> </ttsan> </ttsan> </ttsan> </ttsan> </ttsan> </ttsan> </ttsan> </ttsan> </ttsan> </ttsan> </ttsan> </ttsan> </ttsan> </ttsan> </ttsan> </ttsan>"
uW3QEQnfk56NRlWclbyBzNkqsp20ChY1-turn13,what are all the transictions ," {'ar': 'Transition', 'da': 'Ta:setQuestion', 'in': 'fsa-practical','sn': '[]','sv': '[]'} ","{'ar': 'Transition', 'da': 'Ta:setQuestion', 'in': 'fsa-practical', 'sn': ""['transitions']"", 'sv': ""['?']""}","<s> [INST] Given the following input in (INPUT), you have to generate the corresponding json in (ANW) [/INST] [INPUT] what are all the transictions  [/INPUT] [ANW] {'ar': 'Transition', 'da': 'Ta:setQuestion', 'in': 'fsa-practical','sn': '[]','sv': '[]'} [/ANW] </s> </s> </s> </s> </s> </s> </s> </s> </s> </s> </s> </s> </s> </s> </s> </s> </s> </s> </s> </s> </s> </s> </s> </s> </s> </s> </s> </s> </s> </s> </s> </s> </s> </s> </s> </s> </s> </s> </s> </s> </s> </s> </s> </s> </s> </s> </s> </s> </s> </s> </s> </s> </s> </s> </s> </s> </s> </s> </s> </s> </s> </s> </s> </s> </s> </s> </s> </s> </s> </s> </s> </s> </s> </s> </s> </s> </s> </s> </s> </s> </s> </s> </s> </s> </s> </s> </s> </s> </s> </s> </s> </s> </s> </s> </s> </s> </s> </s> </s> </s> </s> </s> </s> </s> </s> </s> </s> </s> </s> </s> </s> </s> </s> </s> </s> </s> </s> </s> </s> </s> </s> </s> </s> </s> </s> </s> </s> </s> </s> </s> </s> </s> </s> </s> </s> </s> </s> </s> </"
conversation3-turn9,what is the final state," {'ar': 'State', 'da': 'Ta:setQuestion', 'in': 'fsa-practical','sn': '[]','sv': '[]'} ","{'ar': 'State', 'da': 'Ta:setQuestion', 'in': 'fsa-practical', 'sn': ""['finalStates']"", 'sv': ""['?']""}","<s> [INST] Given the following input in (INPUT), you have to generate the corresponding json in (ANW) [/INST] [INPUT] what is the final state [/INPUT] [ANW] {'ar': 'State', 'da': 'Ta:setQuestion', 'in': 'fsa-practical','sn': '[]','sv': '[]'} [/ANW] </s> </s> </s> </s> </s> </s> </s> </s> </s> </s> </s> </s> </s> </s> </s> </s> </s> </s> </s> </s> </s> </s> </s> </s> </s> </s> </s> </s> </s> </s> </s> </s> </s> </s> </s> </s> </s> </s> </s> </s> </s> </s> </s> </s> </s> </s> </s> </s> </s> </s> </s> </s> </s> </s> </s> </s> </s> </s> </s> </s> </s> </s> </s> </s> </s> </s> </s> </s> </s> </s> </s> </s> </s> </s> </s> </s> </s> </s> </s> </s> </s> </s> </s> </s> </s> </s> </s> </s> </s> </s> </s> </s> </s> </s> </s> </s> </s> </s> </s> </s> </s> </s> </s> </s> </s> </s> </s> </s> </s> </s> </s> </s> </s> </s> </s> </s> </s> </s> </s> </s> </s> </s> </s> </s> </s> </s> </s> </s> </s> </s> </s> </s> </s> </s> </s> </s> </s> </s> </s>"
conversation10-turn27,what is the output," {'ar': 'Nan', 'da': 'Ta:propositionalQuestion', 'in': 'fsa-practical','sn': '[]','sv': '[]'} ","{'ar': 'automaton', 'da': 'Ta:setQuestion', 'in': 'fsa-practical', 'sn': ""['output']"", 'sv': ""['?']""}","<s> [INST] Given the following input in (INPUT), you have to generate the corresponding json in (ANW) [/INST] [INPUT] what is the output [/INPUT] [ANW] {'ar': 'Nan', 'da': 'Ta:propositionalQuestion', 'in': 'fsa-practical','sn': '[]','sv': '[]'} [/ANW] </s> </s> </s> </s> </s> </s> </s> </s> </s> </s> </s> </s> </s> </s> </s> </s> </s> </s> </s> </s> </s> </s> </s> </s> </s> </s> </s> </s> </s> </s> </s> </s> </s> </s> </s> </s> </s> </s> </s> </s> </s> </s> </s> </s> </s> </s> </s> </s> </s> </s> </s> </s> </s> </s> </s> </s> </s> </s> </s> </s> </s> </s> </s> </s> </s> </s> </s> </s> </s> </s> </s> </s> </s> </s> </s> </s> </s> </s> </s> </s> </s> </s> </s> </s> </s> </s> </s> </s> </s> </s> </s> </s> </s> </s> </s> </s> </s> </s> </s> </s> </s> </s> </s> </s> </s> </s> </s> </s> </s> </s> </s> </s> </s> </s> </s> </s> </s> </s> </s> </s> </s> </s> </s> </s> </s> </s> </s> </s> </s> </s> </s> </s> </s> </s> </s> </s> </s> </s>"
ijaiv0hGDVwkzukjPHEmUC6QtX9wfCHf-turn27,which is the final state ," {'ar': 'State', 'da': 'Ta:setQuestion', 'in': 'fsa-practical','sn': '[]','sv': '[]'} ","{'ar': 'State', 'da': 'Ta:setQuestion', 'in': 'fsa-practical', 'sn': ""['finalStates']"", 'sv': ""['?']""}","<s> [INST] Given the following input in (INPUT), you have to generate the corresponding json in (ANW) [/INST] [INPUT] which is the final state  [/INPUT] [ANW] {'ar': 'State', 'da': 'Ta:setQuestion', 'in': 'fsa-practical','sn': '[]','sv': '[]'} [/ANW] </s> </s> </s> </s> </s> </s> </s> </s> </s> </s> </s> </s> </s> </s> </s> </s> </s> </s> </s> </s> </s> </s> </s> </s> </s> </s> </s> </s> </s> </s> </s> </s> </s> </s> </s> </s> </s> </s> </s> </s> </s> </s> </s> </s> </s> </s> </s> </s> </s> </s> </s> </s> </s> </s> </s> </s> </s> </s> </s> </s> </s> </s> </s> </s> </s> </s> </s> </s> </s> </s> </s> </s> </s> </s> </s> </s> </s> </s> </s> </s> </s> </s> </s> </s> </s> </s> </s> </s> </s> </s> </s> </s> </s> </s> </s> </s> </s> </s> </s> </s> </s> </s> </s> </s> </s> </s> </s> </s> </s> </s> </s> </s> </s> </s> </s> </s> </s> </s> </s> </s> </s> </s> </s> </s> </s> </s> </s> </s> </s> </s> </s> </s> </s> </s> </s> </s> </s> </s> </s"
sveUGr-bCBUSZI2QFJORfflTpgefFbKW-turn11,what are the links of q4 ," {'ar': 'Transition', 'da': 'Ta:setQuestion', 'in': 'fsa-practical','sn': '[]','sv': '[]'} ","{'ar': 'Transition', 'da': 'Ta:setQuestion', 'in': 'fsa-practical', 'sn': ""['transitions']"", 'sv': ""[[('q4','?','?')]]""}","<s> [INST] Given the following input in (INPUT), you have to generate the corresponding json in (ANW) [/INST] [INPUT] what are the links of q4  [/INPUT] [ANW] {'ar': 'Transition', 'da': 'Ta:setQuestion', 'in': 'fsa-practical','sn': '[]','sv': '[]'} [/ANW] </s> </s> </s> </s> </s> </s> </s> </s> </s> </s> </s> </s> </s> </s> </s> </s> </s> </s> </s> </s> </s> </s> </s> </s> </s> </s> </s> </s> </s> </s> </s> </s> </s> </s> </s> </s> </s> </s> </s> </s> </s> </s> </s> </s> </s> </s> </s> </s> </s> </s> </s> </s> </s> </s> </s> </s> </s> </s> </s> </s> </s> </s> </s> </s> </s> </s> </s> </s> </s> </s> </s> </s> </s> </s> </s> </s> </s> </s> </s> </s> </s> </s> </s> </s> </s> </s> </s> </s> </s> </s> </s> </s> </s> </s> </s> </s> </s> </s> </s> </s> </s> </s> </s> </s> </s> </s> </s> </s> </s> </s> </s> </s> </s> </s> </s> </s> </s> </s> </s> </s> </s> </s> </s> </s> </s> </s> </s> </s> </s> </s> </s> </s> </s> </s> </s> </s> </s> </s>"
CW4txSkffsEwrT2wLOzWbeScRrQESVBu-turn55,represent the automaton,Output not found,"{'ar': 'automaton', 'da': 'Ta:request', 'in': 'fsa-practical', 'sn': '[]', 'sv': '[]'}","<s> [INST] Given the following input in (INPUT), you have to generate the corresponding json in (ANW) [/INST] [INPUT] represent the automaton [/INPUT] [ANW] {'ar': 'automaton', 'da': 'Ta:automataTa:automataType:automatonType:auto:auto:auto:auto:auto:auto:auto:auto:auto:auto:auto:auto:auto:auto:auto:auto:auto:auto:auto:auto:auto:auto:auto:auto:auto:auto:auto:auto:auto:auto:auto:auto:auto:auto:auto:auto:auto:auto:auto:auto:auto:auto:auto:auto:auto:auto:auto:auto:auto:auto:auto:auto:auto:auto:auto:auto:auto:auto:auto:auto:auto:auto:auto:auto:auto:auto:auto:auto:auto:auto:auto:auto:auto:auto:auto:auto:auto:auto:auto:auto:auto:auto:auto:auto:auto:auto:auto:auto:auto:auto:auto:auto:auto:auto:auto:auto:auto:auto:auto:auto:auto:auto:auto:auto:auto:auto:auto:auto:auto:auto:auto:auto:auto:auto:auto:auto:auto:auto:auto:auto:auto:auto:auto:auto:auto:auto:auto:auto:auto:auto:auto:auto:auto:auto:auto:auto:auto:auto:auto:auto:auto:auto:auto:auto:auto:auto:auto:auto:auto:auto:auto:auto:auto:auto:auto:auto:auto:auto:auto:auto:auto:auto:auto:auto:auto:auto:auto:auto:auto:auto:auto:auto:auto:auto:auto:auto:auto:auto:auto:auto:auto:auto:auto:auto:auto:auto:auto:auto:auto:auto:auto:auto:auto:auto:auto:auto:auto:auto:auto:auto:auto:auto:auto:auto:auto:auto:auto:auto:auto:auto:auto:auto:auto:auto:auto:auto:auto:auto:auto:auto:auto:auto:auto:auto:auto:auto:auto:auto:auto:auto:auto:auto:auto:auto:auto:auto:auto:auto:auto:auto:auto:auto:auto:auto:auto:auto:auto:auto:auto:auto:auto:auto:auto:auto:auto:auto:auto:auto:auto:auto:auto:auto:auto:auto:auto:auto:auto:auto:auto:auto:auto:auto:auto:auto:auto:auto:auto:auto:auto:auto:auto:auto:auto:auto:auto:auto:auto:auto:auto:auto:auto:auto:auto:auto:auto:auto:auto:auto:auto:auto:auto:auto:auto:auto:auto:auto:auto:auto:auto:auto:auto:auto:auto:auto:auto:auto:auto:auto:auto:auto:auto:auto:auto:auto:auto:auto:auto:auto:auto:auto:auto:auto:auto:auto:auto:auto:auto:auto:auto:auto:auto:auto:auto:auto:auto:auto:auto:auto:auto:auto:auto:auto:auto:auto:auto:auto:auto:auto:auto:auto:auto:auto:auto:auto:auto:auto:auto:auto:auto:auto:auto:auto:auto:auto:auto:auto:auto:auto:auto:auto:auto:auto:auto:auto:auto:auto:auto:auto:auto:auto:auto:auto:auto:auto:auto:auto:auto:auto:auto:auto:auto:auto:auto:auto:auto:auto:auto:auto:auto:auto:auto:auto:auto:auto:auto:auto:auto:auto:auto:auto:auto:auto:auto:auto:auto:auto:auto:auto:auto:auto:auto:auto:auto"
bq9WYgxCi_ATitsSgtUQUUqZSE2kbkAz-turn27,patterns among arcs," {'ar': 'Pattern', 'da': 'Ta:setQuestion', 'in': 'fsa-practical','sn': '[]','sv': '[]'} ","{'ar': 'Pattern', 'da': 'OCM:selfCorrection', 'in': 'fsa-practical', 'sn': ""['patternType']"", 'sv': ""['?']""}","<s> [INST] Given the following input in (INPUT), you have to generate the corresponding json in (ANW) [/INST] [INPUT] patterns among arcs [/INPUT] [ANW] {'ar': 'Pattern', 'da': 'Ta:setQuestion', 'in': 'fsa-practical','sn': '[]','sv': '[]'} [/ANW] </s> </s> </s> </s> </s> </s> </s> </s> </s> </s> </s> </s> </s> </s> </s> </s> </s> </s> </s> </s> </s> </s> </s> </s> </s> </s> </s> </s> </s> </s> </s> </s> </s> </s> </s> </s> </s> </s> </s> </s> </s> </s> </s> </s> </s> </s> </s> </s> </s> </s> </s> </s> </s> </s> </s> </s> </s> </s> </s> </s> </s> </s> </s> </s> </s> </s> </s> </s> </s> </s> </s> </s> </s> </s> </s> </s> </s> </s> </s> </s> </s> </s> </s> </s> </s> </s> </s> </s> </s> </s> </s> </s> </s> </s> </s> </s> </s> </s> </s> </s> </s> </s> </s> </s> </s> </s> </s> </s> </s> </s> </s> </s> </s> </s> </s> </s> </s> </s> </s> </s> </s> </s> </s> </s> </s> </s> </s> </s> </s> </s> </s> </s> </s> </s> </s> </s> </s> </s> </s> </s"
conversation6-turn21,thank you for responding to me," {'ar': 'Language', 'da': 'Ta:thankYou', 'in': 'fsaPractical','sn': 'Nan','sv': 'Nan'} ","{'ar': 'Nan', 'da': 'SOM:thanking', 'in': 'Nan', 'sn': '[]', 'sv': '[]'}","<s> [INST] Given the following input in (INPUT), you have to generate the corresponding json in (ANW) [/INST] [INPUT] thank you for responding to me [/INPUT] [ANW] {'ar': 'Language', 'da': 'Ta:thankYou', 'in': 'fsaPractical','sn': 'Nan','sv': 'Nan'} [/ANW] </s> </s> </s> </s> </s> </s> </s> </s> </s> </s> </s> </s> </s> </s> </s> </s> </s> </s> </s> </s> </s> </s> </s> </s> </s> </s> </s> </s> </s> </s> </s> </s> </s> </s> </s> </s> </s> </s> </s> </s> </s> </s> </s> </s> </s> </s> </s> </s> </s> </s> </s> </s> </s> </s> </s> </s> </s> </s> </s> </s> </s> </s> </s> </s> </s> </s> </s> </s> </s> </s> </s> </s> </s> </s> </s> </s> </s> </s> </s> </s> </s> </s> </s> </s> </s> </s> </s> </s> </s> </s> </s> </s> </s> </s> </s> </s> </s> </s> </s> </s> </s> </s> </s> </s> </s> </s> </s> </s> </s> </s> </s> </s> </s> </s> </s> </s> </s> </s> </s> </s> </s> </s> </s> </s> </s> </s> </s> </s> </s> </s> </s> </s> </s> </s> </s> </s> </s> </s"
conversation1-turn3,explain how words made by 1s and 0s are used," {'ar': 'Alphabet', 'da': 'Ta:answer', 'in': 'fsa-practical','sn': 'Nan','sv': 'Nan'} ","{'ar': 'Language', 'da': 'Ta:request', 'in': 'fsa-practical', 'sn': ""['alphabet']"", 'sv': ""['0','1']""}","<s> [INST] Given the following input in (INPUT), you have to generate the corresponding json in (ANW) [/INST] [INPUT] explain how words made by 1s and 0s are used [/INPUT] [ANW] {'ar': 'Alphabet', 'da': 'Ta:answer', 'in': 'fsa-practical','sn': 'Nan','sv': 'Nan'} [/ANW] </s> </s> </std> </struct> </data> </lang> </lano> </tlp> </tsa'> </tst'> </tss'> </tssm'> </tssn'> </tstr'> </tstg'> </tstps'> </tstsn'> </tstsv'> </tsttt'> </tstttm'> </tstttsn'> </tstttts'> </tsttttt'> </tstttttt'> </tsttttttt'> </tstttttttt'> </tsttttttttt'> </tstttttttttt'> </tsttttttttttt'> </tstttttttttttt'> </tstttttttttttttt'> </tsttttttttttttttt'> </tstttttttttttttttt'> </tstttttttttttttttttt'> </tstttttttttttttttttt'> </tstttttttttttttttttt'> </tstttttttttttttttttt'> </tstttttttttttttttttt'> </tstttttttttttttttttt'> </tstttttttttttttttttt'> </tstttttttttttttttttt'> </tstttttttttttttttttt'> </tstttttttttttttttttt'> </tstttttttttttttttttt'> </tstttttttttttttttttt'> </tstttttttttttttttttt'> </tstttttttttttttttttt'> </tstttttttttttttttttt'> </tstttttttttttttttttt'> </tsttt"
conversation6-turn15,can the automaton accept an empty string," {'ar': 'Nan', 'da': 'Ta:Alba;Ta:seta:Ta:setaNan', 'in': 'Nan', 'fs': 'Nan', 'nf': 'Nan','sn': 'Nan'} ","{'ar': 'automaton', 'da': 'Ta:propositionalQuestion', 'in': 'fsa-practical', 'sn': ""['input']"", 'sv': ""['']""}","<s> [INST] Given the following input in (INPUT), you have to generate the corresponding json in (ANW) [/INST] [INPUT] can the automaton accept an empty string [/INPUT] [ANW] {'ar': 'Nan', 'da': 'Ta:Alba;Ta:seta:Ta:setaNan', 'in': 'Nan', 'fs': 'Nan', 'nf': 'Nan','sn': 'Nan'} [/ANW] </s> </s> </s> </s> </s> </s> </s> </s> </s> </s> </s> </s> </s> </s> </s> </s> </s> </s> </s> </s> </s> </s> </s> </s> </s> </s> </s> </s> </s> </s> </s> </s> </s> </s> </s> </s> </s> </s> </s> </s> </s> </s> </s> </s> </s> </s> </s> </s> </s> </s> </s> </s> </s> </s> </s> </s> </s> </s> </s> </s> </s> </s> </s> </s> </s> </s> </s> </s> </s> </s> </s> </s> </s> </s> </s> </s> </s> </s> </s> </s> </s> </s> </s> </s> </s> </s> </s> </s> </s> </s> </s> </s> </s> </s> </s> </s> </s> </s> </s> </s> </s> </s> </s> </s> </s> </s> </s> </s> </s> </s> </s> </s> </s> </s> </s> </s> </s> </s> </s> </s> </s> </s> </s> </s> </s> </s> </s> </s> </s> </s> </s> </s"
ByLC2-turn7,describe automaton ," {'ar': 'automaton', 'da': 'Ta:request', 'in': 'fsa-practical','sn': '[]','sv': '[]'} ","{'ar': 'automaton', 'da': 'Ta:request', 'in': 'fsa-practical', 'sn': '[]', 'sv': '[]'}","<s> [INST] Given the following input in (INPUT), you have to generate the corresponding json in (ANW) [/INST] [INPUT] describe automaton  [/INPUT] [ANW] {'ar': 'automaton', 'da': 'Ta:request', 'in': 'fsa-practical','sn': '[]','sv': '[]'} [/ANW] </s> </s> </s> </s> </s> </s> </s> </s> </s> </s> </s> </s> </s> </s> </s> </s> </s> </s> </s> </s> </s> </s> </s> </s> </s> </s> </s> </s> </s> </s> </s> </s> </s> </s> </s> </s> </s> </s> </s> </s> </s> </s> </s> </s> </s> </s> </s> </s> </s> </s> </s> </s> </s> </s> </s> </s> </s> </s> </s> </s> </s> </s> </s> </s> </s> </s> </s> </s> </s> </s> </s> </s> </s> </s> </s> </s> </s> </s> </s> </s> </s> </s> </s> </s> </s> </s> </s> </s> </s> </s> </s> </s> </s> </s> </s> </s> </s> </s> </s> </s> </s> </s> </s> </s> </s> </s> </s> </s> </s> </s> </s> </s> </s> </s> </s> </s> </s> </s> </s> </s> </s> </s> </s> </s> </s> </s> </s> </s> </s> </s> </s> </s> </s> </s> </s> </s> </s> </s> </s> </"
ctyHWUgv9B_kHA6DNcrgMxadmJZJ1sHa-turn1,hi ," {'ar': 'Albanian', 'da': 'Ta:Hi', 'in': 'fsi:0','sn': 'Njësi','sv': 'Njësi:hi'} ","{'ar': 'Nan', 'da': 'DS:opening; SOM:initGreeting', 'in': 'Nan', 'sn': '[]', 'sv': '[]'}","<s> [INST] Given the following input in (INPUT), you have to generate the corresponding json in (ANW) [/INST] [INPUT] hi  [/INPUT] [ANW] {'ar': 'Albanian', 'da': 'Ta:Hi', 'in': 'fsi:0','sn': 'Njësi','sv': 'Njësi:hi'} [/ANW] </s> </s> </s> </s> </s> </s> </s> </s> </s> </s> </s> </s> </s> </s> </s> </s> </s> </s> </s> </s> </s> </s> </s> </s> </s> </s> </s> </s> </s> </s> </s> </s> </s> </s> </s> </s> </s> </s> </s> </s> </s> </s> </s> </s> </s> </s> </s> </s> </s> </s> </s> </s> </s> </s> </s> </s> </s> </s> </s> </s> </s> </s> </s> </s> </s> </s> </s> </s> </s> </s> </s> </s> </s> </s> </s> </s> </s> </s> </s> </s> </s> </s> </s> </s> </s> </s> </s> </s> </s> </s> </s> </s> </s> </s> </s> </s> </s> </s> </s> </s> </s> </s> </s> </s> </s> </s> </s> </s> </s> </s> </s> </s> </s> </s> </s> </s> </s> </s> </s> </s> </s> </s> </s> </s> </s> </s> </s> </s> </s> </s> </s> </s> </s> </s> </s> </s> </s"
