id,input,output
gQZalALP9AxsFfEPC9Lm_JhIimMxTW_j-turn11,is there an arc from q2 to q3 ,"{""da"": ""Ta:propositionalQuestion"", ""et"": ""fsa-practical"", ""ar"": ""Transition"", ""sn"": ""['transitions']"", ""sv"": ""[[('q2','q3','?')]]""}"
conversation6-turn11,does the automaton return to q0 after every valid input sequence,"{""da"": ""Ta:propositionalQuestion"", ""et"": ""fsa-practical"", ""ar"": ""Transition"", ""sn"": ""['transitions']"", ""sv"": ""[[('finalStates','q0','?')]]""}"
ctyHWUgv9B_kHA6DNcrgMxadmJZJ1sHa-turn17,what are the transitions ,"{""da"": ""Ta:setQuestion"", ""et"": ""fsa-practical"", ""ar"": ""Transition"", ""sn"": ""['transitions']"", ""sv"": ""['?']""}"
CW4txSkffsEwrT2wLOzWbeScRrQESVBu-turn7,how many transitions are ther ein the automaton,"{""da"": ""Ta:setQuestion"", ""et"": ""fsa-practical"", ""ar"": ""Transition"", ""sn"": ""['numberOfTransitions']"", ""sv"": ""['?']""}"
conversation1-turn39,an alc from z0 to q1,"{""da"": ""Ta:request"", ""et"": ""fsa-practical"", ""ar"": ""Transition"", ""sn"": ""['transitions']"", ""sv"": ""[[('z0','q1','?')]]""}"
ctyHWUgv9B_kHA6DNcrgMxadmJZJ1sHa-turn22,"i don't know, try asking something like, ""what is the accepted language?"" ","{""da"": ""AutoF:autoNegative; DS:suggest"", ""et"": ""Nan"", ""ar"": ""Nan"", ""sn"": ""[]"", ""sv"": ""[]""}"
CW4txSkffsEwrT2wLOzWbeScRrQESVBu-turn6,"it is an automaton which accepts zero or more words in a binary alphabet formed by a   sequence of a triple of 1s followed by a pair of 0s. there are a total of 5 states: q0, q1,   q2, q3, and q4. q0 is both initial and end state.   from each state 1 arc starts: from q0 the arc points to q1 and is marked with 1.   from q1 it points to q2 and is marked with 1.   from q2 it points to q3 and is marked with 1.   from q3 points to q4 and is marked with 0.   finally, from q4 points to q0 and is marked again with 0.","{""da"": ""Ta:answer"", ""et"": ""fsa-practical"", ""ar"": ""automaton"", ""sn"": ""['alphabet','input','numberOfStates','states','initialState','finalStates','transitions']"", ""sv"": ""[['0','1'],'11100','5',['q0','q1','q2','q3','q4'],'q0',['q0'],[('q0','q1','1'),('q1','q2','1'),('q2','q3','1'),('q3','q4','0'),('q4','q0','0')]]""}"
CW4txSkffsEwrT2wLOzWbeScRrQESVBu-turn19,nodes,"{""da"": ""Ta:request"", ""et"": ""fsa-practical"", ""ar"": ""State"", ""sn"": ""['states']"", ""sv"": ""['?']""}"
"""meno""pu7A-turn27",which are the transitions from q3 ,"{""da"": ""Ta:setQuestion"", ""et"": ""fsa-practical"", ""ar"": ""Transition"", ""sn"": ""['transitions']"", ""sv"": ""[[('q3','?','?')]]""}"
CW4txSkffsEwrT2wLOzWbeScRrQESVBu-turn27,what is the accepted language,"{""da"": ""Ta:setQuestion"", ""et"": ""fsa-practical"", ""ar"": ""Language"", ""sn"": ""['input']"", ""sv"": ""['?']""}"
conversation3-turn11,how can i reach the state q4 from the state q2,"{""da"": ""Ta:setQuestion"", ""et"": ""fsa-practical"", ""ar"": ""Transition"", ""sn"": ""['stateFrom','stateTo']"", ""sv"": ""['q2','q4']""}"
CW4txSkffsEwrT2wLOzWbeScRrQESVBu-turn17,the nodes,"{""da"": ""Ta:request"", ""et"": ""fsa-practical"", ""ar"": ""State"", ""sn"": ""['states']"", ""sv"": ""['?']""}"
yCwNzGV8uxxphdOTs190n_9ES3NNVN2s-turn1,describe me the automaton ,"{""da"": ""Ta:request"", ""et"": ""fsa-practical"", ""ar"": ""automaton"", ""sn"": ""[]"", ""sv"": ""[]""}"
ByLC2-turn3,whatsappo ,"{""da"": ""TuM:turnAccept"", ""et"": ""Nan"", ""ar"": ""Nan"", ""sn"": ""[]"", ""sv"": ""[]""}"
conversation5-turn7,what does each state do in automaton,"{""da"": ""Ta:setQuestion"", ""et"": ""fsa-practical"", ""ar"": ""State"", ""sn"": ""[]"", ""sv"": ""[]""}"
CWD3TAUfqC2fw24zkli39Cl4vktFJSb3-turn9,is there an arc between q1 and q2 ,"{""da"": ""Ta:propositionalQuestion"", ""et"": ""fsa-practical"", ""ar"": ""Transition"", ""sn"": ""['transitions']"", ""sv"": ""[[('q1','q2','?')]]""}"
rHgyaZS8T8cuQ0u39AHqQBs_vaj5ePIu-turn6,this automaton can be represented as a pentagon with its states arranged as vertices. ,"{""da"": ""Ta:answer"", ""et"": ""fsa-practical"", ""ar"": ""automaton"", ""sn"": ""['graphicRepresentation']"", ""sv"": ""['pentagon']""}"
CW4txSkffsEwrT2wLOzWbeScRrQESVBu-turn11,what is a particular pattern among arcs,"{""da"": ""Ta:setQuestion"", ""et"": ""fsa-practical"", ""ar"": ""Pattern"", ""sn"": ""['patternType']"", ""sv"": ""['?']""}"
0MgCjt8WVTxN4Thm2f0TbS_vigxpGyhI-turn2,q0 is both the initial and final state.,"{""da"": ""Ta:answer"", ""et"": ""fsa-practical"", ""ar"": ""State"", ""sn"": ""['initialState','finalStates']"", ""sv"": ""['q0',['q0']]""}"
0MgCjt8WVTxN4Thm2f0TbS_vigxpGyhI-turn10,from q1 there is only one transition to q0 marked with 0.,"{""da"": ""Ta:answer"", ""et"": ""fsa-practical"", ""ar"": ""Transition"", ""sn"": ""['transitions']"", ""sv"": ""[[('q1','q0','0')]]""}"
0MgCjt8WVTxN4Thm2f0TbS_vigxpGyhI-turn17,loops,"{""da"": ""Ta:request"", ""et"": ""fsa-practical"", ""ar"": ""Pattern"", ""sn"": ""['patternType']"", ""sv"": ""['?']""}"
conversation4-turn13,what is the role of the state q4 in the automaton's behavior,"{""da"": ""Ta:setQuestion"", ""et"": ""fsa-practical"", ""ar"": ""State"", ""sn"": ""['states']"", ""sv"": ""[['q4']]""}"
k1xVMO4RTaL82fwPSwYj5iaHpyEYTMcz-turn19,if the input is 11100 which is the result ,"{""da"": ""Ta:setQuestion"", ""et"": ""fsa-practical"", ""ar"": ""Language"", ""sn"": ""['input']"", ""sv"": ""['11100']""}"
"""meno""pu7A-turn12","i dont' know. try just asking something like, ""how many states are there?"" ","{""da"": ""AutoF:autoNegative; DS:suggest"", ""et"": ""Nan"", ""ar"": ""Nan"", ""sn"": ""[]"", ""sv"": ""[]""}"
CW4txSkffsEwrT2wLOzWbeScRrQESVBu-turn2,"a finite-state automaton is a dynamic, discrete, invariant system     in which the sets of input, output and state are finite.     the system can be in any of a finite number of internal states that define the automaton.     a particularly important class of automata is that of automata capable of recognizing     whether or not a string is part of a given language or not: recognizer automata.     such a finite-state automaton consists of a finite set of states and a finite set of     transitions from one state to another. for each distinct pair formed by a state of the     automaton (the departure state) and an alphabet symbol, there is a transition to an     arrival state. the symbol of the pair is said to be associated with the transition, or     even that the transition ""accepts the symbol."" the state of arrival state can also     coincide with the start state. each finite-state automaton is uniquely associated with an     oriented graph called a transition diagram. the nodes of the graph coincide with the     states of the automaton. if there is a transition from state q to state p with a as the     associated symbol, then there is an arc oriented from node q to node p and labeled with     the symbol a. see the homepage for more.","{""da"": ""Ta:answer"", ""et"": ""fsa-practical"", ""ar"": ""automaton"", ""sn"": ""[]"", ""sv"": ""[]""}"
CW4txSkffsEwrT2wLOzWbeScRrQESVBu-turn39,q3 to q4,"{""da"": ""Ta:request"", ""et"": ""fsa-practical"", ""ar"": ""Transition"", ""sn"": ""['transitions']"", ""sv"": ""[[('q3','q4','?')]]""}"
yCwNzGV8uxxphdOTs190n_9ES3NNVN2s-turn5,wat is the language recognised by the automaton ,"{""da"": ""Ta:setQuestion"", ""et"": ""fsa-practical"", ""ar"": ""Language"", ""sn"": ""['input']"", ""sv"": ""['?']""}"
P-_bE79Vy1PQJqftQhKxblP_VtV-DNEF-turn7,what is the final state of an automaton ,"{""da"": ""Ta:setQuestion"", ""et"": ""fsa-theoretical"", ""ar"": ""State"", ""sn"": ""['finalStates']"", ""sv"": ""['?']""}"
AIzOyq5ExGrZ23ca0dNIWCK5C2HD3cCA-turn11,is there a pattern among the transitions ,"{""da"": ""Ta:propositionalQuestion"", ""et"": ""fsa-practical"", ""ar"": ""Pattern"", ""sn"": ""['patternType']"", ""sv"": ""['?']""}"
uW3QEQnfk56NRlWclbyBzNkqsp20ChY1-turn17,is q0 the final state ,"{""da"": ""Ta:propositionalQuestion"", ""et"": ""fsa-practical"", ""ar"": ""State"", ""sn"": ""['finalStates']"", ""sv"": ""[['q0']]""}"
conversation7-turn1,what i can ask you,"{""da"": ""Ta:setQuestion"", ""et"": ""Nan"", ""ar"": ""Nan"", ""sn"": ""[]"", ""sv"": ""[]""}"
rHgyaZS8T8cuQ0u39AHqQBs_vaj5ePIu-turn13,is it possible repetitive pattern in the transactions ,"{""da"": ""Ta:propositionalQuestion"", ""et"": ""fsa-practical"", ""ar"": ""Pattern"", ""sn"": ""['patternType']"", ""sv"": ""['?']""}"
k1xVMO4RTaL82fwPSwYj5iaHpyEYTMcz-turn9,can you describe the automaton ,"{""da"": ""Ta:request"", ""et"": ""fsa-practical"", ""ar"": ""automaton"", ""sn"": ""[]"", ""sv"": ""[]""}"
K2TB8bOVY1WHuazVxCQEhM789Y6lGaHw-turn12,this automaton accepts zero or more words in a binary alphabet formed by a sequence of a pair of 1s followed by a 0. ,"{""da"": ""Ta:answer"", ""et"": ""fsa-practical"", ""ar"": ""Language"", ""sn"": ""['alphabet','input']"", ""sv"": ""[['0','1'],'110']""}"
conversation5-turn13,what happens if the input does not follow the sequence of three 1s followed by two 0s,"{""da"": ""Ta:setQuestion"", ""et"": ""fsa-practical"", ""ar"": ""automaton"", ""sn"": ""['input']"", ""sv"": ""['not 11100']""}"
conversation2-turn17,how many states are in the automation,"{""da"": ""Ta:setQuestion"", ""et"": ""fsa-practical"", ""ar"": ""State"", ""sn"": ""['numberOfStates']"", ""sv"": ""['?']""}"
"""meno""pu7A-turn28",from q3 there is only one transition to q4 marked with 0. ,"{""da"": ""Ta:answer"", ""et"": ""fsa-practical"", ""ar"": ""Transition"", ""sn"": ""['transitions']"", ""sv"": ""[[('q3','q4','0')]]""}"
0SyWdd-YbWP90wUhHSiSYaBDArgtJvUi-turn7,what is the initial state of the automaton ,"{""da"": ""Ta:setQuestion"", ""et"": ""fsa-practical"", ""ar"": ""State"", ""sn"": ""['initialState']"", ""sv"": ""['?']""}"
rHgyaZS8T8cuQ0u39AHqQBs_vaj5ePIu-turn5,how is the automaton represented ,"{""da"": ""Ta:setQuestion"", ""et"": ""fsa-practical"", ""ar"": ""automaton"", ""sn"": ""['graphicRepresentation']"", ""sv"": ""['?']""}"
ctyHWUgv9B_kHA6DNcrgMxadmJZJ1sHa-turn20,"no, there is not a state called like this. ","{""da"": ""Ta:answer"", ""et"": ""fsa-practical"", ""ar"": ""State"", ""sn"": ""['states']"", ""sv"": ""[[]]""}"
Em5Mj8ykVSTl8U4QKIZ_n7L1bF8H1kL1-turn20,from q1 there is only one transition to q2 marked with 1.,"{""da"": ""Ta:answer"", ""et"": ""fsa-practical"", ""ar"": ""Transition"", ""sn"": ""['transitions']"", ""sv"": ""[[('q1','q2','1')]]""}"
sveUGr-bCBUSZI2QFJORfflTpgefFbKW-turn7,is q1 linked to q4 ,"{""da"": ""Ta:propositionalQuestion"", ""et"": ""fsa-practical"", ""ar"": ""Transition"", ""sn"": ""['transitions']"", ""sv"": ""[[('q1','q4','?')]]""}"
w05LD7si_oM5jBhxC-dUqFBsx77pOFB2-turn5,is there a particulare pattern among automata arcs ,"{""da"": ""Ta:propositionalQuestion"", ""et"": ""fsa-practical"", ""ar"": ""Pattern"", ""sn"": ""['patternType']"", ""sv"": ""['?']""}"
conversation3-turn1,can you explain me what is a final state of a dfa?,"{""da"": ""Ta:request"", ""et"": ""fsa-theoretical"", ""ar"": ""State"", ""sn"": ""['automatonType', 'finalStates']"", ""sv"": ""['deterministic', '?']""}"
V3HOB-turn21,how many transitions are there ,"{""da"": ""Ta:setQuestion"", ""et"": ""fsa-practical"", ""ar"": ""Transition"", ""sn"": ""['numberOfTransitions']"", ""sv"": ""['?']""}"
P-_bE79Vy1PQJqftQhKxblP_VtV-DNEF-turn5,can i use 5 states in an automaton ,"{""da"": ""Ta:propositionalQuestion"", ""et"": ""fsa-theoretical"", ""ar"": ""State"", ""sn"": ""['numberOfStates']"", ""sv"": ""['5']""}"
conversation6-turn7,what input causes the automaton to move from q3 to q4,"{""da"": ""Ta:setQuestion"", ""et"": ""fsa-practical"", ""ar"": ""Transition"", ""sn"": ""['transitions']"", ""sv"": ""[[('q3','q4','?')]]""}"
rHgyaZS8T8cuQ0u39AHqQBs_vaj5ePIu-turn4,"i dont' know. just try asking something like, ""how is the automaton represented?"" ","{""da"": ""AutoF:autoNegative; DS:suggest"", ""et"": ""Nan"", ""ar"": ""Nan"", ""sn"": ""[]"", ""sv"": ""[]""}"
g4GdzpVwjD3_X-gmkM5UQstbFQKJqh4d-turn12,"it is an automaton which accepts zero or more words in a binary alphabet formed by a sequence of a pair of 1s followed by a 0. there are a total of 3 states: q0, q1, and q2. q0 is both initial and end state. from each state 1 arc starts: from q0 the arc points to q2 and is marked with 1. from q2 it points to q1 and is marked with 1. from q1 it points to q0 and is marked with 0. ","{""da"": ""Ta:answer"", ""et"": ""fsa-practical"", ""ar"": ""automaton"", ""sn"": ""['alphabet','input','numberOfStates','states','initialState','finalStates','transitions']"", ""sv"": ""[['0','1'],'110','3',['q0','q1','q2'],'q0',['q0'],[('q0','q2','1'),('q2','q1','1'),('q1','q0','0')]]""}"
conversation5-turn19,how many transitions are there in the automaton,"{""da"": ""Ta:setQuestion"", ""et"": ""fsa-practical"", ""ar"": ""Transition"", ""sn"": ""['numberOfTransitions']"", ""sv"": ""['?']""}"
conversation6-turn19,which state in the automaton is both the initial and the final state,"{""da"": ""Ta:setQuestion"", ""et"": ""fsa-practical"", ""ar"": ""State"", ""sn"": ""['initialState','finalStates']"", ""sv"": ""['?','?']""}"
ctyHWUgv9B_kHA6DNcrgMxadmJZJ1sHa-turn6,"no, there is no such transition. from q2 there is only one transition to q1 marked with 1. ","{""da"": ""Ta:answer"", ""et"": ""fsa-practical"", ""ar"": ""Transition"", ""sn"": ""['transitions']"", ""sv"": ""[[('q2','q1','1')]]""}"
k1xVMO4RTaL82fwPSwYj5iaHpyEYTMcz-turn17,can you describe the transitions ,"{""da"": ""OCM:selfCorrection"", ""et"": ""fsa-practical"", ""ar"": ""Transition"", ""sn"": ""['transitions']"", ""sv"": ""['?']""}"
"""meno""pu7A-turn15",give me a list of the arcs ,"{""da"": ""Ta:request"", ""et"": ""fsa-practical"", ""ar"": ""Transition"", ""sn"": ""['transitions']"", ""sv"": ""['?']""}"
ctyHWUgv9B_kHA6DNcrgMxadmJZJ1sHa-turn19,what are the states ,"{""da"": ""Ta:setQuestion"", ""et"": ""fsa-practical"", ""ar"": ""State"", ""sn"": ""['states']"", ""sv"": ""['?']""}"
conversation8-turn9,is there a transitions from q0 to q4,"{""da"": ""Ta:propositionalQuestion"", ""et"": ""fsa-practical"", ""ar"": ""Transition"", ""sn"": ""['transitions']"", ""sv"": ""[[('q0','q4','?')]]""}"
uX-G8wJ5wSxmtNvsKkQg61kTOFczKm8b-turn17,can you describe the transitions,"{""da"": ""Ta:request"", ""et"": ""fsa-practical"", ""ar"": ""Transition"", ""sn"": ""['transitions']"", ""sv"": ""['?']""}"
ctyHWUgv9B_kHA6DNcrgMxadmJZJ1sHa-turn4,"it is an automaton which accepts zero or more words in a binary alphabet formed by a sequence of a couple of 1s followed by a 0. there are a total of 3 states: q0, q1, and q2. q0 is both initial and end state. from each state one arc starts: from q0 the arc points to q2 and is marked by 1. from q2 it points to q1 and is marked by 1. finally, from q1 it points to q0 and is marked by 0. ","{""da"": ""Ta:answer"", ""et"": ""fsa-practical"", ""ar"": ""automaton"", ""sn"": ""['alphabet','numberOfStates','states','initialState','finalStates','transitions']"", ""sv"": ""[['0','1'],'3',['q0','q1','q2'],'q0',['q0'],[('q0','q2','1'),('q2','q1','1'),('q1','q0','0')]]""}"
Em5Mj8ykVSTl8U4QKIZ_n7L1bF8H1kL1-turn15,final state,"{""da"": ""Ta:request"", ""et"": ""fsa-practical"", ""ar"": ""State"", ""sn"": ""['finalStates']"", ""sv"": ""['?']""}"
VMkBtJ-FIizHxrkxPyS3DniIMKBgDUwJ-turn7,what is the best way to represent this automa ,"{""da"": ""Ta:setQuestion"", ""et"": ""fsa-practical"", ""ar"": ""automaton"", ""sn"": ""['graphicRepresentation']"", ""sv"": ""['?']""}"
"""meno""pu7A-turn31",what is the purpose of the automaton ,"{""da"": ""Ta:setQuestion"", ""et"": ""fsa-theoretical"", ""ar"": ""automaton"", ""sn"": ""[]"", ""sv"": ""[]""}"
k1xVMO4RTaL82fwPSwYj5iaHpyEYTMcz-turn1,what is optimization ,"{""da"": ""Ta:setQuestion"", ""et"": ""Nan"", ""ar"": ""Nan"", ""sn"": ""[]"", ""sv"": ""[]""}"
CW4txSkffsEwrT2wLOzWbeScRrQESVBu-turn1,what is an automaton,"{""da"": ""Ta:setQuestion"", ""et"": ""fsa-theoretical"", ""ar"": ""automaton"", ""sn"": ""[]"", ""sv"": ""[]""}"
ShIe4j-y-ekoRj_Xvt7r2MkyrvfyFPK6-turn15, how many transitions ,"{""da"": ""Ta:setQuestion"", ""et"": ""fsa-practical"", ""ar"": ""Transition"", ""sn"": ""['numberOfTransitions']"", ""sv"": ""['?']""}"
rHgyaZS8T8cuQ0u39AHqQBs_vaj5ePIu-turn11,the automaton accepts a language allowing words made of an odd number of 0s and 1s ,"{""da"": ""Ta:checkQuestion"", ""et"": ""fsa-practical"", ""ar"": ""Language"", ""sn"": ""['alphabet']"", ""sv"": ""[['0','1']]""}"
ShIe4j-y-ekoRj_Xvt7r2MkyrvfyFPK6-turn9,states and transitions,"{""da"": ""Ta:request"", ""et"": ""fsa-practical"", ""ar"": ""Transition"", ""sn"": ""['transitions','states']"", ""sv"": ""['?','?']""}"
conversation9-turn9,is there a particular pattern among them,"{""da"": ""Ta:propositionalQuestion"", ""et"": ""fsa-practical"", ""ar"": ""Pattern"", ""sn"": ""['patternType']"", ""sv"": ""['?']""}"
rHgyaZS8T8cuQ0u39AHqQBs_vaj5ePIu-turn7,has it cycles ,"{""da"": ""Ta:propositionalQuestion"", ""et"": ""fsa-practical"", ""ar"": ""Pattern"", ""sn"": ""['patternType']"", ""sv"": ""['?']""}"
ctyHWUgv9B_kHA6DNcrgMxadmJZJ1sHa-turn8,"i don't know, try asking something like, ""describe this automaton."" ","{""da"": ""AutoF:autoNegative; DS:suggest"", ""et"": ""Nan"", ""ar"": ""Nan"", ""sn"": ""[]"", ""sv"": ""[]""}"
conversation7-turn18,"the alphabet accepted by this automaton is a binary alphabet made by 0s and 1s. if you want to      know about the language accepted, ask me about it.","{""da"": ""Ta:answer"", ""et"": ""fsa-practical"", ""ar"": ""Alphabet"", ""sn"": ""['alphabet']"", ""sv"": ""[['0','1']]""}"
q9Tw8Mb_nRwbwBOy-cnCELz2dVncJh-T-turn29,what is the result ,"{""da"": ""Ta:setQuestion"", ""et"": ""fsa-theoretical"", ""ar"": ""Language"", ""sn"": ""['output']"", ""sv"": ""['?']""}"
"""meno""pu7A-turn7",and how about the arrows ,"{""da"": ""Ta:setQuestion"", ""et"": ""fsa-practical"", ""ar"": ""Transition"", ""sn"": ""['transitions']"", ""sv"": ""['?']""}"
P-_bE79Vy1PQJqftQhKxblP_VtV-DNEF-turn11,how is an automaton defined ,"{""da"": ""Ta:setQuestion"", ""et"": ""fsa-theoretical"", ""ar"": ""automaton"", ""sn"": ""[]"", ""sv"": ""[]""}"
conversation8-turn17,what input can be processed by the automaton,"{""da"": ""Ta:setQuestion"", ""et"": ""fsa-practical"", ""ar"": ""Language"", ""sn"": ""['input']"", ""sv"": ""['?']""}"
k1xVMO4RTaL82fwPSwYj5iaHpyEYTMcz-turn21,if the input is 110 which is the result ,"{""da"": ""Ta:setQuestion"", ""et"": ""fsa-practical"", ""ar"": ""Language"", ""sn"": ""['input']"", ""sv"": ""['11100']""}"
k1xVMO4RTaL82fwPSwYj5iaHpyEYTMcz-turn13,how are transitions defined ,"{""da"": ""Ta:setQuestion"", ""et"": ""fsa-practical"", ""ar"": ""Transition"", ""sn"": ""['transitions']"", ""sv"": ""['?']""}"
71DvREY3rPDW1C0uzelsV6yXdSNexElS-turn7,how many states does a pentagon shaped automaton have ,"{""da"": ""Ta:setQuestion"", ""et"": ""fsa-practical"", ""ar"": ""State"", ""sn"": ""['numberOfStates']"", ""sv"": ""['?']""}"
0SyWdd-YbWP90wUhHSiSYaBDArgtJvUi-turn3,what is the initial stage of the automaton ,"{""da"": ""Ta:setQuestion"", ""et"": ""fsa-practical"", ""ar"": ""State"", ""sn"": ""['initialState']"", ""sv"": ""['?']""}"
ShIe4j-y-ekoRj_Xvt7r2MkyrvfyFPK6-turn25,how is represented,"{""da"": ""Ta:setQuestion"", ""et"": ""fsa-practical"", ""ar"": ""automaton"", ""sn"": ""['graphicRepresentation']"", ""sv"": ""['?']""}"
K2TB8bOVY1WHuazVxCQEhM789Y6lGaHw-turn6,"yes, there is only one arc starting from each state. the first 2 in anti-clockwisedirection are marked by 1, the remaining by 0. ","{""da"": ""Ta:answer"", ""et"": ""fsa-practical"", ""ar"": ""Pattern"", ""sn"": ""['patternType']"", ""sv"": ""['clockwise']""}"
conversation10-turn17,what are the states connected to q2,"{""da"": ""Ta:setQuestion"", ""et"": ""fsa-practical"", ""ar"": ""State"", ""sn"": ""['transitions']"", ""sv"": ""[[('q2','?','?')]]""}"
conversation1-turn29,can i transite from q1 to q0,"{""da"": ""Ta:propositionalQuestion"", ""et"": ""fsa-practical"", ""ar"": ""Transition"", ""sn"": ""['transitions']"", ""sv"": ""[[('q1','q0','?')]]""}"
uX-G8wJ5wSxmtNvsKkQg61kTOFczKm8b-turn3,what is the input,"{""da"": ""Ta:setQuestion"", ""et"": ""fsa-practical"", ""ar"": ""Language"", ""sn"": ""['input']"", ""sv"": ""['?']""}"
AIzOyq5ExGrZ23ca0dNIWCK5C2HD3cCA-turn1,tell me a little bit about the automaton ,"{""da"": ""Ta:request"", ""et"": ""fsa-practical"", ""ar"": ""automaton"", ""sn"": ""[]"", ""sv"": ""[]""}"
hIbhGTnnFCuBbgJSGj1EmY944k9a71iY-turn12,"this automaton has three transitions. the first one starts atq0, being it the initial and final state. from q0 and q2 there is a transition marked as 1. from q2 to q1 there is another transition marked as 1. finally from q1 to q0 there is atransition marked as 0. ","{""da"": ""Ta:answer"", ""et"": ""fsa-practical"", ""ar"": ""Transition"", ""sn"": ""['numberOfTransitions','initialState','finalStates','transitions']"", ""sv"": ""['3','q0',['q0'],[('q0','q2','1'),('q2','q1','1'),('q1','q0','0')]]""}"
conversation7-turn3,how many nodes are there?,"{""da"": ""Ta:setQuestion"", ""et"": ""fsa-practical"", ""ar"": ""State"", ""sn"": ""['numberOfStates']"", ""sv"": ""['?']""}"
ijaiv0hGDVwkzukjPHEmUC6QtX9wfCHf-turn29,how many final states are there ,"{""da"": ""Ta:setQuestion"", ""et"": ""fsa-practical"", ""ar"": ""State"", ""sn"": ""['numberOfFinalStates']"", ""sv"": ""['?']""}"
conversation1-turn9,is there a particular pattern among the arcs,"{""da"": ""Ta:propositionalQuestion"", ""et"": ""fsa-practical"", ""ar"": ""Pattern"", ""sn"": ""['patternType']"", ""sv"": ""['?']""}"
sveUGr-bCBUSZI2QFJORfflTpgefFbKW-turn9,what are the transitions from q4 ,"{""da"": ""Ta:setQuestion"", ""et"": ""fsa-practical"", ""ar"": ""Transition"", ""sn"": ""['transitions']"", ""sv"": ""[[('q4','?','?')]]""}"
uX-G8wJ5wSxmtNvsKkQg61kTOFczKm8b-turn15,which arc from q4,"{""da"": ""Ta:setQuestion"", ""et"": ""fsa-practical"", ""ar"": ""Transition"", ""sn"": ""['transitions']"", ""sv"": ""[[('q4','?','?')]]""}"
P-_bE79Vy1PQJqftQhKxblP_VtV-DNEF-turn31,is there a pattern among the arcs ,"{""da"": ""Ta:propositionalQuestion"", ""et"": ""fsa-practical"", ""ar"": ""Pattern"", ""sn"": ""['patternType']"", ""sv"": ""['?']""}"
conversation10-turn35,is it an undefined automaton,"{""da"": ""Ta:propositionalQuestion"", ""et"": ""fsa-practical"", ""ar"": ""automaton"", ""sn"": ""['automatonType']"", ""sv"": ""['nonDeterministic']""}"
conversation1-turn23,what is a word in the language accepted,"{""da"": ""Ta:setQuestion"", ""et"": ""fsa-practical"", ""ar"": ""Alphabet"", ""sn"": ""['alphabet']"", ""sv"": ""['?']""}"
conversation1-turn6,the language accepted by this automaton is made of zero or more words formed by a      sequence of a triple of 1s followed by a pair of 0s.,"{""da"": ""Ta:answer"", ""et"": ""fsa-practical"", ""ar"": ""Language"", ""sn"": ""['alphabet','input']"", ""sv"": ""[['0','1'],'11100']""}"
0SyWdd-YbWP90wUhHSiSYaBDArgtJvUi-turn5,breifly describe me the automaton ,"{""da"": ""Ta:request"", ""et"": ""fsa-practical"", ""ar"": ""automaton"", ""sn"": ""[]"", ""sv"": ""[]""}"
0MgCjt8WVTxN4Thm2f0TbS_vigxpGyhI-turn15,pattern,"{""da"": ""Ta:request"", ""et"": ""fsa-practical"", ""ar"": ""Pattern"", ""sn"": ""['patternType']"", ""sv"": ""['?']""}"
q9Tw8Mb_nRwbwBOy-cnCELz2dVncJh-T-turn31,output ,"{""da"": ""OCM:selfCorrection"", ""et"": ""fsa-theoretical"", ""ar"": ""Language"", ""sn"": ""['output']"", ""sv"": ""['?']""}"
conversation5-turn21,which state in the automaton has the most transitions,"{""da"": ""Ta:setQuestion"", ""et"": ""fsa-practical"", ""ar"": ""State"", ""sn"": ""['stateWithMostTransitions']"", ""sv"": ""['?']""}"
K2TB8bOVY1WHuazVxCQEhM789Y6lGaHw-turn8,from q0 there is only one transition to q2 marked with 1. ,"{""da"": ""Ta:answer"", ""et"": ""fsa-practical"", ""ar"": ""Transition"", ""sn"": ""['transitions']"", ""sv"": ""[[('q0','q2','1')]]""}"
V3HOB-turn15,what does the automaton recognize ,"{""da"": ""Ta:setQuestion"", ""et"": ""fsa-practical"", ""ar"": ""Language"", ""sn"": ""[]"", ""sv"": ""[]""}"
P-_bE79Vy1PQJqftQhKxblP_VtV-DNEF-turn1,what can i use finite state automata for ,"{""da"": ""Ta:setQuestion"", ""et"": ""fsa-theoretical"", ""ar"": ""automaton"", ""sn"": ""[]"", ""sv"": ""[]""}"
g4GdzpVwjD3_X-gmkM5UQstbFQKJqh4d-turn3,something ,"{""da"": ""TuM:turnAccept"", ""et"": ""Nan"", ""ar"": ""Nan"", ""sn"": ""[]"", ""sv"": ""[]""}"
conversation3-turn13,is there a way to reach the state q1 from the state q3,"{""da"": ""Ta:propositionalQuestion"", ""et"": ""fsa-practical"", ""ar"": ""Transition"", ""sn"": ""['stateFrom','stateTo']"", ""sv"": ""['q1','q3']""}"
gQZalALP9AxsFfEPC9Lm_JhIimMxTW_j-turn23,is there an arc from q2 ,"{""da"": ""Ta:propositionalQuestion"", ""et"": ""fsa-practical"", ""ar"": ""Transition"", ""sn"": ""['transitions']"", ""sv"": ""[[('q2','?','?')]]""}"
0MgCjt8WVTxN4Thm2f0TbS_vigxpGyhI-turn14,there are a total of 3 arcs. try asking me if there is a particular pattern among them.,"{""da"": ""Ta:answer; Ta:suggest"", ""et"": ""fsa-practical"", ""ar"": ""Transition"", ""sn"": ""['numberOfTransitions']"", ""sv"": ""['3']""}"
P-_bE79Vy1PQJqftQhKxblP_VtV-DNEF-turn25,which transitions start from q2 ,"{""da"": ""Ta:setQuestion"", ""et"": ""fsa-practical"", ""ar"": ""Transition"", ""sn"": ""['transitions']"", ""sv"": ""[[('q2','?','?')]]""}"
P-_bE79Vy1PQJqftQhKxblP_VtV-DNEF-turn23,which transitions start from q1 ,"{""da"": ""Ta:setQuestion"", ""et"": ""fsa-practical"", ""ar"": ""Transition"", ""sn"": ""['transitions']"", ""sv"": ""[[('q1','?','?')]]""}"
0SyWdd-YbWP90wUhHSiSYaBDArgtJvUi-turn21,how many states there are ,"{""da"": ""Ta:setQuestion"", ""et"": ""fsa-practical"", ""ar"": ""State"", ""sn"": ""['numberOfStates']"", ""sv"": ""['?']""}"
ByLC2-turn11,how many states are these ,"{""da"": ""Ta:setQuestion"", ""et"": ""fsa-practical"", ""ar"": ""State"", ""sn"": ""['numberOfStates']"", ""sv"": ""['?']""}"
gQZalALP9AxsFfEPC9Lm_JhIimMxTW_j-turn9,what are the states connected to q0 ,"{""da"": ""Ta:setQuestion"", ""et"": ""fsa-practical"", ""ar"": ""Transition"", ""sn"": ""['transitions']"", ""sv"": ""[[('q0','?','?'),('?','q0','?')]]""}"
bq9WYgxCi_ATitsSgtUQUUqZSE2kbkAz-turn10,"this automaton has five transitions. from q0 to q1 there is an arc marked as 1. from q1 to q2 there is another arc marked as 1. from q2 to q3 there is an arc marked as 1. from q3 to q4 there is an arc marked as 0. finally, from q4 to q0 there is an arc marked as 0.","{""da"": ""Ta:answer"", ""et"": ""fsa-practical"", ""ar"": ""Transition"", ""sn"": ""['numberOfTransitions','transitions']"", ""sv"": ""['5',[('q0','q1','1'),('q1','q2','1'),('q2','q3','1'),('q3','q4','0'),('q4','q0','0')]]""}"
conversation7-turn11,what input is accepted,"{""da"": ""Ta:setQuestion"", ""et"": ""fsa-practical"", ""ar"": ""Language"", ""sn"": ""['input']"", ""sv"": ""['?']""}"
0MgCjt8WVTxN4Thm2f0TbS_vigxpGyhI-turn20,"i dont' know. try asking something like, ""describe the automaton.""","{""da"": ""AutoF:autoNegative; DS:suggest"", ""et"": ""Nan"", ""ar"": ""Nan"", ""sn"": ""[]"", ""sv"": ""[]""}"
uW3QEQnfk56NRlWclbyBzNkqsp20ChY1-turn1,what are the accepted inputs ,"{""da"": ""Ta:setQuestion"", ""et"": ""fsa-practical"", ""ar"": ""Language"", ""sn"": ""['input']"", ""sv"": ""['?']""}"
AIzOyq5ExGrZ23ca0dNIWCK5C2HD3cCA-turn16,the language accepted by this automaton is made of zero or more words formed by a sequence of a triple of 1s followed by a pair of 0s.,"{""da"": ""Ta:answer"", ""et"": ""fsa-practical"", ""ar"": ""Language"", ""sn"": ""['alphabet','input']"", ""sv"": ""[['0','1'],'11100']""}"
Em5Mj8ykVSTl8U4QKIZ_n7L1bF8H1kL1-turn25,pattern among arcs,"{""da"": ""Ta:request"", ""et"": ""fsa-practical"", ""ar"": ""Pattern"", ""sn"": ""['patternType']"", ""sv"": ""['?']""}"
conversation10-turn1,tell me a little bit about the automaton,"{""da"": ""Ta:request"", ""et"": ""fsa-practical"", ""ar"": ""automaton"", ""sn"": ""[]"", ""sv"": ""[]""}"
uX-G8wJ5wSxmtNvsKkQg61kTOFczKm8b-turn5,can you describe the automaton,"{""da"": ""Ta:request"", ""et"": ""fsa-practical"", ""ar"": ""automaton"", ""sn"": ""[]"", ""sv"": ""[]""}"
conversation2-turn19,are there any loops in the automaton,"{""da"": ""Ta:setQuestion"", ""et"": ""fsa-practical"", ""ar"": ""Pattern"", ""sn"": ""['patternType']"", ""sv"": ""['?']""}"
ByLC2-turn5,what are automaton ,"{""da"": ""Ta:setQuestion"", ""et"": ""fsa-theoretical"", ""ar"": ""automaton"", ""sn"": ""[]"", ""sv"": ""[]""}"
ShIe4j-y-ekoRj_Xvt7r2MkyrvfyFPK6-turn8,the automaton can be represented with the states arranged as vertices of a triangle.,"{""da"": ""Ta:answer"", ""et"": ""fsa-practical"", ""ar"": ""automaton"", ""sn"": ""['graphicRepresentation']"", ""sv"": ""['triangle']""}"
0MgCjt8WVTxN4Thm2f0TbS_vigxpGyhI-turn1,initial state,"{""da"": ""Ta:request"", ""et"": ""fsa-practical"", ""ar"": ""State"", ""sn"": ""['initialState']"", ""sv"": ""['?']""}"
conversation6-turn1,how many states are in this automaton,"{""da"": ""Ta:setQuestion"", ""et"": ""fsa-practical"", ""ar"": ""State"", ""sn"": ""['numberOfStates']"", ""sv"": ""['?']""}"
conversation9-turn5,is there q10,"{""da"": ""Ta:propositionalQuestion"", ""et"": ""fsa-practical"", ""ar"": ""State"", ""sn"": ""['states']"", ""sv"": ""[['q10']]""}"
"""meno""pu7A-turn3",does it only accept 1s and 0s ,"{""da"": ""Ta:propositionalQuestion"", ""et"": ""fsa-practical"", ""ar"": ""Alphabet"", ""sn"": ""['alphabet']"", ""sv"": ""[['0','1']]""}"
0SyWdd-YbWP90wUhHSiSYaBDArgtJvUi-turn11,is the string 110 accepted by the automaton ,"{""da"": ""Ta:propositionalQuestion"", ""et"": ""fsa-practical"", ""ar"": ""Language"", ""sn"": ""['input']"", ""sv"": ""['110']""}"
ijaiv0hGDVwkzukjPHEmUC6QtX9wfCHf-turn25,which are the final states ,"{""da"": ""Ta:setQuestion"", ""et"": ""fsa-practical"", ""ar"": ""State"", ""sn"": ""['finalStates']"", ""sv"": ""['?']""}"
conversation1-turn8,there are a total of 5 arcs. try asking me if there is a particular pattern among      them.,"{""da"": ""Ta:answer; DS:suggest"", ""et"": ""fsa-practical"", ""ar"": ""Transition"", ""sn"": ""['numberOfTransitions']"", ""sv"": ""['5']""}"
0MgCjt8WVTxN4Thm2f0TbS_vigxpGyhI-turn13,how many transitions,"{""da"": ""Ta:setQuestion"", ""et"": ""fsa-practical"", ""ar"": ""Transition"", ""sn"": ""['numberOfTransitions']"", ""sv"": ""['?']""}"
Em5Mj8ykVSTl8U4QKIZ_n7L1bF8H1kL1-turn1,describe it,"{""da"": ""Ta:request"", ""et"": ""Nan"", ""ar"": ""Nan"", ""sn"": ""[]"", ""sv"": ""[]""}"
conversation1-turn21,describe me the language accepted,"{""da"": ""Ta:request"", ""et"": ""fsa-practical"", ""ar"": ""Language"", ""sn"": ""['input']"", ""sv"": ""['?']""}"
"""meno""pu7A-turn30",from q4 there is only one transition to q0 marked with 0. ,"{""da"": ""Ta:answer"", ""et"": ""fsa-practical"", ""ar"": ""Transition"", ""sn"": ""['transitions']"", ""sv"": ""[[('q4','q0','0')]]""}"
k1xVMO4RTaL82fwPSwYj5iaHpyEYTMcz-turn3,what is automation ,"{""da"": ""Ta:setQuestion"", ""et"": ""fsa-theoretical"", ""ar"": ""automaton"", ""sn"": ""[]"", ""sv"": ""[]""}"
V3HOB-turn9,what transitions enter and exit q2 ,"{""da"": ""Ta:setQuestion"", ""et"": ""fsa-practical"", ""ar"": ""Transition"", ""sn"": ""['transitions']"", ""sv"": ""[[('?','q2','?'),('q2','?','?')]]""}"
ShIe4j-y-ekoRj_Xvt7r2MkyrvfyFPK6-turn17,arc between q0 and q1 ,"{""da"": ""Ta:request"", ""et"": ""fsa-practical"", ""ar"": ""Transition"", ""sn"": ""['transitions']"", ""sv"": ""[[('q0','q1','?')]]""}"
ctyHWUgv9B_kHA6DNcrgMxadmJZJ1sHa-turn7,there is a transition between q5 and q7 ,"{""da"": ""Ta:propositionalQuestion"", ""et"": ""fsa-practical"", ""ar"": ""Transition"", ""sn"": ""['transitions']"", ""sv"": ""[[('q5','q7','?')]]""}"
conversation7-turn17,is there an alphabet,"{""da"": ""Ta:propositionalQuestion"", ""et"": ""fsa-practical"", ""ar"": ""Alphabet"", ""sn"": ""['alphabet']"", ""sv"": ""['?']""}"
CW4txSkffsEwrT2wLOzWbeScRrQESVBu-turn41,q4 to q0,"{""da"": ""Ta:request"", ""et"": ""fsa-practical"", ""ar"": ""Transition"", ""sn"": ""['transitions']"", ""sv"": ""[[('q4','q0','?')]]""}"
CW4txSkffsEwrT2wLOzWbeScRrQESVBu-turn29,does the automaton accept other languages,"{""da"": ""Ta:propositionalQuestion"", ""et"": ""fsa-practical"", ""ar"": ""Language"", ""sn"": ""[]"", ""sv"": ""[]""}"
P-_bE79Vy1PQJqftQhKxblP_VtV-DNEF-turn14,"it is an automaton which accepts zero or more words in a binary alphabet formed by asequence of a pair of 1s followed by a 0. there are a total of 3 states: q0, q1, and q2. q0 is both initial and end state. from each state 1 arc starts: from q0 the arc points to q2 and is marked with 1. from q2 it points to q1 and is marked with 1. from q1 it points to q0 and is marked with 0. ","{""da"": ""Ta:answer"", ""et"": ""fsa-practical"", ""ar"": ""automaton"", ""sn"": ""['alphabet','input','numberOfStates','states','initialState','finalStates','transitions']"", ""sv"": ""[['0','1'], '110','3',['q0','q1','q2'],'q0',['q0'],[('q0','q2','1'),('q2','q1','1'),('q1','q0','0')]]""}"
K2TB8bOVY1WHuazVxCQEhM789Y6lGaHw-turn15,it is possible to find a repetitive pattern in the transitions ,"{""da"": ""Ta:propositionalQuestion"", ""et"": ""fsa-practical"", ""ar"": ""Pattern"", ""sn"": ""['patternType']"", ""sv"": ""['?']""}"
71DvREY3rPDW1C0uzelsV6yXdSNexElS-turn11,briefly describe the automaton 2 how many states are there ,"{""da"": ""Ta:request; Ta:setQuestion"", ""et"": ""fsa-practical"", ""ar"": ""automaton"", ""sn"": ""['numberOfStates']"", ""sv"": ""['?']""}"
conversation2-turn10,this is a deterministic automaton.,"{""da"": ""Ta:answer"", ""et"": ""fsa-practical"", ""ar"": ""automaton"", ""sn"": ""['automatonType']"", ""sv"": ""['deterministic']""}"
VMkBtJ-FIizHxrkxPyS3DniIMKBgDUwJ-turn5,how many transitions ,"{""da"": ""Ta:setQuestion"", ""et"": ""fsa-practical"", ""ar"": ""Transition"", ""sn"": ""['numberOfTransitions']"", ""sv"": ""['?']""}"
bq9WYgxCi_ATitsSgtUQUUqZSE2kbkAz-turn25,patterns among arc,"{""da"": ""Ta:request"", ""et"": ""fsa-practical"", ""ar"": ""Pattern"", ""sn"": ""['patternType']"", ""sv"": ""['?']""}"
ctyHWUgv9B_kHA6DNcrgMxadmJZJ1sHa-turn12,there are a total of 3 arcs. try asking me if there is a particular pattern among them. ,"{""da"": ""Ta:answer; Ta:suggest"", ""et"": ""fsa-practical"", ""ar"": ""Transition"", ""sn"": ""['numberOfTransitions']"", ""sv"": ""['3']""}"
conversation1-turn31,is 2 accepted as input,"{""da"": ""Ta:propositionalQuestion"", ""et"": ""fsa-practical"", ""ar"": ""Language"", ""sn"": ""['input']"", ""sv"": ""['2']""}"
q9Tw8Mb_nRwbwBOy-cnCELz2dVncJh-T-turn15,can you provide me some examples of inputs ,"{""da"": ""Ta:request"", ""et"": ""fsa-practical"", ""ar"": ""Language"", ""sn"": ""['input']"", ""sv"": ""['?']""}"
gQZalALP9AxsFfEPC9Lm_JhIimMxTW_j-turn19,is there an arc from q0 ,"{""da"": ""Ta:propositionalQuestion"", ""et"": ""fsa-practical"", ""ar"": ""Transition"", ""sn"": ""['transitions']"", ""sv"": ""[[('q0','?','?')]]""}"
"""meno""pu7A-turn8","i dont' know. try asking something like, ""which is the initial state?"" ","{""da"": ""AutoF:autoNegative; DS:suggest"", ""et"": ""Nan"", ""ar"": ""Nan"", ""sn"": ""[]"", ""sv"": ""[]""}"
bq9WYgxCi_ATitsSgtUQUUqZSE2kbkAz-turn23,what are the patterns ,"{""da"": ""Ta:setQuestion"", ""et"": ""fsa-practical"", ""ar"": ""Pattern"", ""sn"": ""['patternType']"", ""sv"": ""['?']""}"
P-_bE79Vy1PQJqftQhKxblP_VtV-DNEF-turn27,which transitions end in q0 ,"{""da"": ""Ta:setQuestion"", ""et"": ""fsa-practical"", ""ar"": ""Transition"", ""sn"": ""['transitions']"", ""sv"": ""[[('?','q0','?')]]""}"
conversation9-turn3,what are the states,"{""da"": ""Ta:setQuestion"", ""et"": ""fsa-practical"", ""ar"": ""State"", ""sn"": ""['states']"", ""sv"": ""['?']""}"
Em5Mj8ykVSTl8U4QKIZ_n7L1bF8H1kL1-turn21,label from q3 to q4,"{""da"": ""Ta:request"", ""et"": ""fsa-practical"", ""ar"": ""Transition"", ""sn"": ""['transitions']"", ""sv"": ""[[('q3','q4','?')]]""}"
conversation3-turn3,can you describe to me how works a transition function,"{""da"": ""Ta:request"", ""et"": ""fsa-theoretical"", ""ar"": ""Transition"", ""sn"": ""[]"", ""sv"": ""[]""}"
0SyWdd-YbWP90wUhHSiSYaBDArgtJvUi-turn19,is there an arc from q2 to q1 ,"{""da"": ""Ta:propositionalQuestion"", ""et"": ""fsa-practical"", ""ar"": ""Transition"", ""sn"": ""['transitions']"", ""sv"": ""[[('q2','q1','?')]]""}"
conversation1-turn20,"the alphabet accepted by this automaton is a binary alphabet made by 0s and 1s. if you want to know about the language accepted, ask me about it.","{""da"": ""Ta:answer"", ""et"": ""fsa-practical"", ""ar"": ""Alphabet"", ""sn"": ""['alphabet']"", ""sv"": ""[['0','1']]""}"
K2TB8bOVY1WHuazVxCQEhM789Y6lGaHw-turn9,what is its optimal spatial representation ,"{""da"": ""Ta:setQuestion"", ""et"": ""fsa-practical"", ""ar"": ""Pattern"", ""sn"": ""['optimalSpatialRepresentation']"", ""sv"": ""['?']""}"
conversation2-turn9,is the automation deterministic or non-deterministic,"{""da"": ""Ta:setQuestion"", ""et"": ""fsa-practical"", ""ar"": ""automaton"", ""sn"": ""['automatonType']"", ""sv"": ""['?']""}"
K2TB8bOVY1WHuazVxCQEhM789Y6lGaHw-turn11,briefly describe you the automaton ,"{""da"": ""Ta:request"", ""et"": ""fsa-practical"", ""ar"": ""automaton"", ""sn"": ""[]"", ""sv"": ""[]""}"
conversation10-turn3,give me a list of the arcs,"{""da"": ""Ta:request"", ""et"": ""fsa-practical"", ""ar"": ""Transition"", ""sn"": ""['transitions']"", ""sv"": ""['?']""}"
Em5Mj8ykVSTl8U4QKIZ_n7L1bF8H1kL1-turn3,arcs between q4 and q0,"{""da"": ""Ta:request"", ""et"": ""fsa-practical"", ""ar"": ""Transition"", ""sn"": ""['transitions']"", ""sv"": ""[[('q4','q0','?')]]""}"
uW3QEQnfk56NRlWclbyBzNkqsp20ChY1-turn11,is there a transition from q0 to q5 ,"{""da"": ""Ta:propositionalQuestion"", ""et"": ""fsa-practical"", ""ar"": ""Transition"", ""sn"": ""['transitions']"", ""sv"": ""[[('q0','q5','?')]]""}"
conversation1-turn14,"i'm not sure about your question. try asking about states or transitions. or          you can ask me to briefly describe you the automaton, for example.","{""da"": ""AutoF:autoNegative; DS:suggest"", ""et"": ""Nan"", ""ar"": ""Nan"", ""sn"": ""[]"", ""sv"": ""[]""}"
V3HOB-turn23,is there a particular pattern ,"{""da"": ""Ta:propositionalQuestion"", ""et"": ""fsa-practical"", ""ar"": ""Pattern"", ""sn"": ""['patternType']"", ""sv"": ""['?']""}"
K2TB8bOVY1WHuazVxCQEhM789Y6lGaHw-turn4,there are a total of 3 arcs. try asking me if there is a particular pattern amongthem. ,"{""da"": ""Ta:answer; Ta:suggest"", ""et"": ""fsa-practical"", ""ar"": ""Transition"", ""sn"": ""['numberOfTransitions']"", ""sv"": ""['3']""}"
0MgCjt8WVTxN4Thm2f0TbS_vigxpGyhI-turn3,arc from q0,"{""da"": ""Ta:request"", ""et"": ""fsa-practical"", ""ar"": ""Transition"", ""sn"": ""['transitions']"", ""sv"": ""[[('q0','?','?')]]""}"
ShIe4j-y-ekoRj_Xvt7r2MkyrvfyFPK6-turn31,start states,"{""da"": ""Ta:request"", ""et"": ""fsa-practical"", ""ar"": ""State"", ""sn"": ""['initialState']"", ""sv"": ""['?']""}"
q9Tw8Mb_nRwbwBOy-cnCELz2dVncJh-T-turn1,how many nodes are there ,"{""da"": ""Ta:setQuestion"", ""et"": ""fsa-practical"", ""ar"": ""State"", ""sn"": ""['numberOfStates']"", ""sv"": ""['?']""}"
CW4txSkffsEwrT2wLOzWbeScRrQESVBu-turn51,is there any self loop,"{""da"": ""Ta:propositionalQuestion"", ""et"": ""fsa-practical"", ""ar"": ""Pattern"", ""sn"": ""['patternType']"", ""sv"": ""['?']""}"
uW3QEQnfk56NRlWclbyBzNkqsp20ChY1-turn9,is there a particular pattern among the arcs ,"{""da"": ""Ta:propositionalQuestion"", ""et"": ""fsa-practical"", ""ar"": ""Pattern"", ""sn"": ""['patternType']"", ""sv"": ""['?']""}"
VMkBtJ-FIizHxrkxPyS3DniIMKBgDUwJ-turn1,briefly describe the automation ,"{""da"": ""Ta:request"", ""et"": ""fsa-practical"", ""ar"": ""automaton"", ""sn"": NaN, ""sv"": NaN}"
0SyWdd-YbWP90wUhHSiSYaBDArgtJvUi-turn28,"the alphabet accepted by this automaton is a binary alphabet made by 0s and 1s. if you want toknow about the language accepted, ask me about it. ","{""da"": ""Ta:answer"", ""et"": ""fsa-practical"", ""ar"": ""Alphabet"", ""sn"": ""[]"", ""sv"": ""[]""}"
0MgCjt8WVTxN4Thm2f0TbS_vigxpGyhI-turn12,"yes, there is only one arc starting from each state. the first 2 in anti-clockwise direction are marked by 1, the remaining by 0.","{""da"": ""Ta:answer"", ""et"": ""fsa-practical"", ""ar"": ""Pattern"", ""sn"": ""['patternType']"", ""sv"": ""['anti-clockwise']""}"
bq9WYgxCi_ATitsSgtUQUUqZSE2kbkAz-turn5,which are the states connected with 0 ,"{""da"": ""Ta:setQuestion"", ""et"": ""fsa-practical"", ""ar"": ""Transition"", ""sn"": ""['transitions']"", ""sv"": ""[[('?','?','0')]]""}"
conversation4-turn23,what happens if the input string is shorter than three 1s followed by two 0s,"{""da"": ""Ta:setQuestion"", ""et"": ""fsa-practical"", ""ar"": ""automaton"", ""sn"": ""['input']"", ""sv"": ""['not 11100']""}"
CW4txSkffsEwrT2wLOzWbeScRrQESVBu-turn53,what is a connection,"{""da"": ""Ta:setQuestion"", ""et"": ""fsa-practical"", ""ar"": ""Transition"", ""sn"": ""['transitions']"", ""sv"": ""['?']""}"
Em5Mj8ykVSTl8U4QKIZ_n7L1bF8H1kL1-turn27,describe ,"{""da"": ""Ta:request"", ""et"": ""Nan"", ""ar"": ""Nan"", ""sn"": ""[]"", ""sv"": ""[]""}"
conversation2-turn13,given the deterministc nature of the automation why there is no a transition when i am in q1 and the automation read 0,"{""da"": ""Ta:checkQuestion"", ""et"": ""fsa-practical"", ""ar"": ""Transition"", ""sn"": ""['transitions']"", ""sv"": ""[[('q1','?','0')]]""}"
AIzOyq5ExGrZ23ca0dNIWCK5C2HD3cCA-turn18,"i dont' know. try asking something like, ""what is the accepted language?""","{""da"": ""AutoF:autoNegative; DS:suggest"", ""et"": ""Nan"", ""ar"": ""Nan"", ""sn"": ""[]"", ""sv"": ""[]""}"
uW3QEQnfk56NRlWclbyBzNkqsp20ChY1-turn15,please describe the transitions ,"{""da"": ""OCM:selfCorrection"", ""et"": ""fsa-practical"", ""ar"": ""Transition"", ""sn"": ""['transitions']"", ""sv"": ""['?']""}"
Em5Mj8ykVSTl8U4QKIZ_n7L1bF8H1kL1-turn30,from q2 there is only one transition to q3 marked with 1.,"{""da"": ""Ta:answer"", ""et"": ""fsa-practical"", ""ar"": ""Transition"", ""sn"": ""['transitions']"", ""sv"": ""[[('q2','q3','1')]]""}"
g4GdzpVwjD3_X-gmkM5UQstbFQKJqh4d-turn5,atomaton 2 ,"{""da"": ""Ta:request"", ""et"": ""fsa-practical"", ""ar"": ""automaton"", ""sn"": ""[]"", ""sv"": ""[]""}"
conversation4-turn21,is there a particular pattern among the transitions in this automaton,"{""da"": ""Ta:setQuestion"", ""et"": ""fsa-practical"", ""ar"": ""Pattern"", ""sn"": ""['patternType']"", ""sv"": ""['?']""}"
hIbhGTnnFCuBbgJSGj1EmY944k9a71iY-turn6,the language accepted by this automaton is made of zero or more words formed by a sequence of a pair of 1s followed by a 0. ,"{""da"": ""Ta:answer"", ""et"": ""fsa-practical"", ""ar"": ""Language"", ""sn"": ""['alphabet','input']"", ""sv"": ""[['0','1'],'110']""}"
orFerWOnOwCvmZ_TPcCy_3bOiH4Pl7xf-turn5,show me the transitions of the automaton ,"{""da"": ""Ta:request"", ""et"": ""fsa-practical"", ""ar"": ""Transition"", ""sn"": ""['transitions']"", ""sv"": ""['?']""}"
conversation5-turn1,"goodmorning, how are you","{""da"": ""DS:opening; SOM:initGreeting"", ""et"": ""Nan"", ""ar"": ""Nan"", ""sn"": ""[]"", ""sv"": ""[]""}"
Em5Mj8ykVSTl8U4QKIZ_n7L1bF8H1kL1-turn6,from q4 there is only one transition to q0 marked with 0.,"{""da"": ""Ta:answer"", ""et"": ""fsa-practical"", ""ar"": ""Transition"", ""sn"": ""['transitions']"", ""sv"": ""[[('q4','q0','0')]]""}"
conversation10-turn23,what are the states connected to q5,"{""da"": ""Ta:setQuestion"", ""et"": ""fsa-practical"", ""ar"": ""State"", ""sn"": ""['transitions']"", ""sv"": ""[[('q5','?','?')]]""}"
conversation2-turn5,can you describe the trasition function,"{""da"": ""Ta:request"", ""et"": ""fsa-practical"", ""ar"": ""Transition"", ""sn"": ""['transitions']"", ""sv"": ""['?']""}"
conversation9-turn13,what is a deterministic automaton,"{""da"": ""Ta:setQuestion"", ""et"": ""fsa-theoretical"", ""ar"": ""automaton"", ""sn"": ""['automatonType']"", ""sv"": ""['deterministic']""}"
uX-G8wJ5wSxmtNvsKkQg61kTOFczKm8b-turn7,which arc from q1,"{""da"": ""Ta:setQuestion"", ""et"": ""fsa-practical"", ""ar"": ""Transition"", ""sn"": ""['transitions']"", ""sv"": ""[[('q1','?','?')]]""}"
Em5Mj8ykVSTl8U4QKIZ_n7L1bF8H1kL1-turn19,arc from q2 to q1,"{""da"": ""Ta:request"", ""et"": ""fsa-practical"", ""ar"": ""Transition"", ""sn"": ""['transitions']"", ""sv"": ""[[('q2','q1','?')]]""}"
conversation1-turn10,"there is only one arc starting from each state. the first three in clockwise      direction are marked with 1, the remaining two with 0.","{""da"": ""Ta:answer"", ""et"": ""fsa-practical"", ""ar"": ""Pattern"", ""sn"": ""['patternType']"", ""sv"": ""['clockwise']""}"
CW4txSkffsEwrT2wLOzWbeScRrQESVBu-turn33,q2,"{""da"": ""Ta:request"", ""et"": ""fsa-practical"", ""ar"": ""State"", ""sn"": ""['transitions']"", ""sv"": ""[[('q2','?','?')]]""}"
k1xVMO4RTaL82fwPSwYj5iaHpyEYTMcz-turn7,what are the input symbols ,"{""da"": ""Ta:setQuestion"", ""et"": ""fsa-practical"", ""ar"": ""Alphabet"", ""sn"": ""['alphabet']"", ""sv"": ""['?']""}"
71DvREY3rPDW1C0uzelsV6yXdSNexElS-turn19,according to your understanding of automaton 2 what is its optimal spatial representation ,"{""da"": ""Ta:setQuestion"", ""et"": ""fsa-practical"", ""ar"": ""Pattern"", ""sn"": ""['optimalSpatialRepresentation']"", ""sv"": ""['?']""}"
conversation4-turn15,what is the role of the state q4 in the behavior of automaton,"{""da"": ""Ta:setQuestion"", ""et"": ""fsa-practical"", ""ar"": ""State"", ""sn"": ""['states']"", ""sv"": ""[['q4']]""}"
CW4txSkffsEwrT2wLOzWbeScRrQESVBu-turn31,q0,"{""da"": ""Ta:request"", ""et"": ""fsa-practical"", ""ar"": ""State"", ""sn"": ""['transitions']"", ""sv"": ""[[('q0','?','?')]]""}"
CW4txSkffsEwrT2wLOzWbeScRrQESVBu-turn15,what s the number of nodes,"{""da"": ""Ta:setQuestion"", ""et"": ""fsa-practical"", ""ar"": ""State"", ""sn"": ""['numberOfStates']"", ""sv"": ""['?']""}"
conversation10-turn9,start state,"{""da"": ""Ta:request"", ""et"": ""fsa-practical"", ""ar"": ""State"", ""sn"": ""['initialState']"", ""sv"": ""['?']""}"
conversation1-turn1,describe me the automaton,"{""da"": ""Ta:request"", ""et"": ""fsa-practical"", ""ar"": ""automaton"", ""sn"": ""[]"", ""sv"": ""[]""}"
ByLC2-turn13,which one si the final state ,"{""da"": ""Ta:setQuestion"", ""et"": ""fsa-practical"", ""ar"": ""State"", ""sn"": ""['finalStates']"", ""sv"": ""['?']""}"
conversation8-turn19,what input the automaton accept,"{""da"": ""Ta:setQuestion"", ""et"": ""fsa-practical"", ""ar"": ""Language"", ""sn"": ""['input']"", ""sv"": ""['?']""}"
P-_bE79Vy1PQJqftQhKxblP_VtV-DNEF-turn24,from q1 there is only one transition to q0 marked with 0. ,"{""da"": ""Ta:answer"", ""et"": ""fsa-practical"", ""ar"": ""Transition"", ""sn"": ""['transitions']"", ""sv"": ""[[('q1','q0','0')]]""}"
ijaiv0hGDVwkzukjPHEmUC6QtX9wfCHf-turn19,how many final states there are ,"{""da"": ""Ta:setQuestion"", ""et"": ""fsa-practical"", ""ar"": ""State"", ""sn"": ""['numberOfFinalStates']"", ""sv"": ""['?']""}"
0SyWdd-YbWP90wUhHSiSYaBDArgtJvUi-turn15,describe the transition table of the automaton ,"{""da"": ""Ta:request"", ""et"": ""fsa-practical"", ""ar"": ""Transition"", ""sn"": ""['transitions']"", ""sv"": ""['?']""}"
ShIe4j-y-ekoRj_Xvt7r2MkyrvfyFPK6-turn3,what are the states and the transitions ,"{""da"": ""Ta:setQuestion"", ""et"": ""fsa-practical"", ""ar"": ""Transition;State"", ""sn"": ""['transitions','states']"", ""sv"": ""['?','?']""}"
ByLC2-turn12,"there are a total of 3 states. q0, q1, and q2. q0 is both initial and final state. ","{""da"": ""Ta:answer"", ""et"": ""fsa-practical"", ""ar"": ""State"", ""sn"": ""['numberOfStates','states','initialState','finalStates']"", ""sv"": ""['3',['q0','q1','q2'],'q0',['q0']]""}"
k1xVMO4RTaL82fwPSwYj5iaHpyEYTMcz-turn15,can you deescribe the transitions ,"{""da"": ""Ta:request"", ""et"": ""fsa-practical"", ""ar"": ""Transition"", ""sn"": ""['transitions']"", ""sv"": ""['?']""}"
uW3QEQnfk56NRlWclbyBzNkqsp20ChY1-turn5,is 11100 part of the accepted language ,"{""da"": ""Ta:propositionalQuestion"", ""et"": ""fsa-practical"", ""ar"": ""Language"", ""sn"": ""['input']"", ""sv"": ""['11100']""}"
CW4txSkffsEwrT2wLOzWbeScRrQESVBu-turn49,describe the position of arcs,"{""da"": ""Ta:request"", ""et"": ""fsa-practical"", ""ar"": ""Transition"", ""sn"": ""['transitions']"", ""sv"": ""['?']""}"
g4GdzpVwjD3_X-gmkM5UQstbFQKJqh4d-turn7,where is automaton 2 ,"{""da"": ""Ta:setQuestion"", ""et"": ""fsa-practical"", ""ar"": ""automaton"", ""sn"": ""[]"", ""sv"": ""[]""}"
conversation3-turn5,based on your previous answer this automata could accept the binary string 111100,"{""da"": ""Ta:propositionalQuestion"", ""et"": ""fsa-practical"", ""ar"": ""Language"", ""sn"": ""['input']"", ""sv"": ""['111100']""}"
conversation5-turn25,bye,"{""da"": ""SOM:initGoodbye"", ""et"": ""Nan"", ""ar"": ""Nan"", ""sn"": ""[]"", ""sv"": ""[]""}"
orFerWOnOwCvmZ_TPcCy_3bOiH4Pl7xf-turn1,how many states does automaton 1 have ,"{""da"": ""Ta:setQuestion"", ""et"": ""fsa-practical"", ""ar"": ""State"", ""sn"": ""['numberOfStates']"", ""sv"": ""['?']""}"
AIzOyq5ExGrZ23ca0dNIWCK5C2HD3cCA-turn17,is it possible to repeat transitions ,"{""da"": ""Ta:request"", ""et"": ""fsa-practical"", ""ar"": ""Pattern"", ""sn"": ""['patternType']"", ""sv"": ""['?']""}"
conversation4-turn7,describe the transitions and the accepting states of this specific automaton,"{""da"": ""Ta:request"", ""et"": ""fsa-practical"", ""ar"": ""Transition"", ""sn"": ""['transitions','finalStates']"", ""sv"": ""['?','?']""}"
q9Tw8Mb_nRwbwBOy-cnCELz2dVncJh-T-turn25,talk me about transitions ,"{""da"": ""Ta:request"", ""et"": ""fsa-practical"", ""ar"": ""Transition"", ""sn"": ""['transitions']"", ""sv"": ""['?']""}"
conversation1-turn16,"this automaton has five transitions. q0 is the initial and final          state. from q0 to q1 there is a transition marked as 1. from q1 to q2 there is another          transition marked as 1. from q2 to q3 there is a transition marked as 1. from q3 to q4          there is a transition marked as 0. finally, from q4 to q0 there is a transition marked as          0.","{""da"": ""Ta:answer"", ""et"": ""fsa-practical"", ""ar"": ""Transition"", ""sn"": ""['numberOfTransitions','initialState','finalStates','transitions']"", ""sv"": ""['5','q0',['q0'],[('q0','q1','1'),('q1','q2','1'),('q2','q3','1'),('q3','q4','0'),('q4','q0','0')]]""}"
conversation1-turn11,if the automaton is in the state q3 and the input is 11100 what happens,"{""da"": ""Ta:checkQuestion"", ""et"": ""fsa-practical"", ""ar"": ""Transition"", ""sn"": ""['transitions','input']"", ""sv"": ""[[('q3','?','?')],'11100']""}"
ijaiv0hGDVwkzukjPHEmUC6QtX9wfCHf-turn11,are there arcs between q2 and q0 ,"{""da"": ""Ta:propositionalQuestion"", ""et"": ""fsa-practical"", ""ar"": ""Transition"", ""sn"": ""['transitions']"", ""sv"": ""[[('q2','q1','?'),('q1','q2','?')]]""}"
conversation2-turn15,tell me a real use case of this automation,"{""da"": ""Ta:request"", ""et"": ""fsa-theoretical"", ""ar"": ""automaton"", ""sn"": ""[]"", ""sv"": ""[]""}"
"""meno""pu7A-turn14","there are a total of 5 states. q0, q1, q2, q3, and q4. q0 is both initial and final state. ","{""da"": ""Ta:answer"", ""et"": ""fsa-practical"", ""ar"": ""State"", ""sn"": ""['numberOfStates','states','initialState','finalStates']"", ""sv"": ""['5',['q0','q1','q2','q3','q4'],'q0',['q0']]""}"
conversation8-turn7,is there q5,"{""da"": ""Ta:propositionalQuestion"", ""et"": ""fsa-practical"", ""ar"": ""State"", ""sn"": ""['states']"", ""sv"": ""[['q5']]""}"
sveUGr-bCBUSZI2QFJORfflTpgefFbKW-turn5,is q0 linked to q0 ,"{""da"": ""Ta:propositionalQuestion"", ""et"": ""fsa-practical"", ""ar"": ""Transition"", ""sn"": ""['transitions']"", ""sv"": ""[[('q0','q0','?')]]""}"
AIzOyq5ExGrZ23ca0dNIWCK5C2HD3cCA-turn15,does the automaton accept a language allowing words made of an odd number of 0s and 1s ,"{""da"": ""Ta:propositionalQuestion"", ""et"": ""fsa-practical"", ""ar"": ""Language"", ""sn"": ""['alphabet']"", ""sv"": ""[['0','1']]""}"
V3HOB-turn1,how many states does the automaton have ,"{""da"": ""Ta:setQuestion"", ""et"": ""fsa-practical"", ""ar"": ""State"", ""sn"": ""['numberOfStates']"", ""sv"": ""['?']""}"
0MgCjt8WVTxN4Thm2f0TbS_vigxpGyhI-turn8,from q2 there is only one transition to q1 marked with 1.,"{""da"": ""Ta:answer"", ""et"": ""fsa-practical"", ""ar"": ""Transition"", ""sn"": ""['transitions']"", ""sv"": ""[[('q2','q1','1')]]""}"
VMkBtJ-FIizHxrkxPyS3DniIMKBgDUwJ-turn11,what is the initial state ,"{""da"": ""Ta:setQuestion"", ""et"": ""fsa-practical"", ""ar"": ""State"", ""sn"": ""['initialState']"", ""sv"": ""['?']""}"
conversation1-turn36,"this automaton has five states. q0 is the initial and final state. from          q0 to q1 there is an arc marked as 1. from q1 to q2 there is another arc marked as 1. from          q2 to q3 there is an arc marked as 1. from q3 to q4 there is an arc marked as 0. finally,          from q4 to q0 there is an arc marked as 0.","{""da"": ""Ta:answer"", ""et"": ""fsa-practical"", ""ar"": ""State"", ""sn"": ""['numberOfStates','initialState','finalStates','transitions']"", ""sv"": ""['5','q0',['q0'],[('q0','q1','1'),('q1','q2','1'),('q2','q3','1'),('q3','q4','0'),('q4','q0','0')]]""}"
P-_bE79Vy1PQJqftQhKxblP_VtV-DNEF-turn15,what is an example of accepted string ,"{""da"": ""Ta:setQuestion"", ""et"": ""fsa-practical"", ""ar"": ""Language"", ""sn"": ""['input']"", ""sv"": ""['?']""}"
ctyHWUgv9B_kHA6DNcrgMxadmJZJ1sHa-turn14,"yes, there is only one arc starting from each state. the first 2 in anti-clockwise direction are marked by 1, the remaining by 0. ","{""da"": ""Ta:answer"", ""et"": ""fsa-practical"", ""ar"": ""Pattern"", ""sn"": ""['patternType']"", ""sv"": ""['anti-clockwise']""}"
"""meno""pu7A-turn2",this automaton accepts zero or more words in a binary alphabet formed by a sequence of a triple of 1s followed by a pair of 0s. ,"{""da"": ""Ta:answer"", ""et"": ""fsa-practical"", ""ar"": ""automaton"", ""sn"": ""['alphabet','input']"", ""sv"": ""[['0','1'],'11100']""}"
rHgyaZS8T8cuQ0u39AHqQBs_vaj5ePIu-turn10,"it is an automaton which accepts zero or more words in a binary alphabet formed by a sequence of a triple of 1s followed by a pair of 0s. there are a total of 5 states: q0, q1, q2, q3, and q4. q0 is both initial and end state. from each state 1 arc starts: from q0 the arc points to q1 and is marked with 1. from q1 it points to q2 and is marked with 1. from q2 it points to q3 and is marked with 1. from q3 points to q4 and is marked with 0. finally, from q4 points to q0 and is marked again with 0. ","{""da"": ""Ta:answer"", ""et"": ""fsa-practical"", ""ar"": ""automaton"", ""sn"": ""['alphabet','numberOfStates','states','initialState','finalStates','transitions']"", ""sv"": ""[['0','1'],'5',['q0','q1','q2','q3','q4'],'q0',['q0'],[('q0','q1','1'),('q1','q2','1'),('q2','q3','1'),('q3','q4','0'),('q4','q0','0')]]""}"
K5RjdKDOVHgcktsKy-aBfu8jEOHFumTe-turn3,is there an arc between q0 and q1 ,"{""da"": ""Ta:propositionalQuestion"", ""et"": ""fsa-practical"", ""ar"": ""Transition"", ""sn"": ""['transitions']"", ""sv"": ""[[('q0','q1','?')]]""}"
K2TB8bOVY1WHuazVxCQEhM789Y6lGaHw-turn2,"there are a total of 3 states. q0, q1, and q2. q0 is both initial and finalstate. ","{""da"": ""Ta:answer"", ""et"": ""fsa-practical"", ""ar"": ""State"", ""sn"": ""['numberOfStates','states','initialState','finalStates']"", ""sv"": ""['3',['q0','q1','q2'],'q0',['q0']]""}"
conversation4-turn11,how does the automaton behave if the input starts with a 0 instead of a 1?,"{""da"": ""Ta:setQuestion"", ""et"": ""fsa-practical"", ""ar"": ""Language"", ""sn"": ""['input']"", ""sv"": ""['0']""}"
conversation5-turn2,"hi. i'm the chatbot novagraphs. i'm programmed to answer questions to describe      graphical structures, and in particular, automata. ask me to describe you in general automaton      1 or a more specific question about it.","{""da"": ""SOM:returnGreeting"", ""et"": ""Nan"", ""ar"": ""Nan"", ""sn"": ""[]"", ""sv"": ""[]""}"
g4GdzpVwjD3_X-gmkM5UQstbFQKJqh4d-turn1,,"{""da"": ""DS:opening"", ""et"": ""fsa-practical"", ""ar"": ""Language"", ""sn"": ""['input']"", ""sv"": ""['11']""}"
V3HOB-turn22,there are a total of 5 arcs. try asking me if there is a particular pattern among them. ,"{""da"": ""Ta:answer; Ta:suggest"", ""et"": ""fsa-practical"", ""ar"": ""Transition"", ""sn"": ""['numberOfTransitions']"", ""sv"": ""['5']""}"
"""meno""pu7A-turn22",from q0 there is only one transition to q1 marked with 1. ,"{""da"": ""Ta:answer"", ""et"": ""fsa-practical"", ""ar"": ""Transition"", ""sn"": ""['transitions']"", ""sv"": ""[[('q0','q1','1')]]""}"
0MgCjt8WVTxN4Thm2f0TbS_vigxpGyhI-turn4,from q0 there is only one transition to q2 marked with 1.,"{""da"": ""Ta:answer"", ""et"": ""fsa-practical"", ""ar"": ""Transition"", ""sn"": ""['transitions']"", ""sv"": ""[[('q0','q2','1')]]""}"
conversation1-turn19,describe me the alphabet,"{""da"": ""Ta:request"", ""et"": ""fsa-practical"", ""ar"": ""Alphabet"", ""sn"": ""['alphabet']"", ""sv"": ""['?']""}"
conversation1-turn27,which is the final state,"{""da"": ""Ta:setQuestion"", ""et"": ""fsa-practical"", ""ar"": ""State"", ""sn"": ""['finalStates']"", ""sv"": ""['?']""}"
71DvREY3rPDW1C0uzelsV6yXdSNexElS-turn13,how many states are in automation 2 ,"{""da"": ""Ta:setQuestion"", ""et"": ""fsa-practical"", ""ar"": ""State"", ""sn"": ""['numberOfStates']"", ""sv"": ""['?']""}"
"""meno""pu7A-turn11",does it have 5 states then ,"{""da"": ""Ta:checkQuestion"", ""et"": ""fsa-practical"", ""ar"": ""State"", ""sn"": ""['numberOfStates']"", ""sv"": ""['5']""}"
conversation6-turn5,which state follows q1 in the automaton,"{""da"": ""Ta:setQuestion"", ""et"": ""fsa-practical"", ""ar"": ""Transition"", ""sn"": ""['transitions']"", ""sv"": ""[[('q1','?','?')]]""}"
conversation2-turn2,"you can ask me to describe you the automaton or a more specific question about it. for      example, you can ask me about transitions or      whether there is a path between two nodes.","{""da"": ""DS:suggest"", ""et"": ""Nan"", ""ar"": ""Nan"", ""sn"": ""[]"", ""sv"": ""[]""}"
FaSMl3Iu-Kr6owi4byJ2me2wFzk-c7oM-turn9,how many regions are there in italy ,"{""da"": ""Ta:setQuestion"", ""et"": ""Nan"", ""ar"": ""Nan"", ""sn"": ""[]"", ""sv"": ""[]""}"
AIzOyq5ExGrZ23ca0dNIWCK5C2HD3cCA-turn14,from q0 there is only one transition to q1 marked with 1.,"{""da"": ""Ta:answer"", ""et"": ""fsa-practical"", ""ar"": ""Transition"", ""sn"": ""['transitions']"", ""sv"": ""[[('q0','q1','1')]]""}"
0MgCjt8WVTxN4Thm2f0TbS_vigxpGyhI-turn21,how many states,"{""da"": ""Ta:setQuestion"", ""et"": ""fsa-practical"", ""ar"": ""State"", ""sn"": ""['numberOfStates']"", ""sv"": ""['?']""}"
conversation4-turn9,what happens if the input sequence does not match the required pattern of three 1s followed by two 0s in this automaton,"{""da"": ""Ta:setQuestion"", ""et"": ""fsa-practical"", ""ar"": ""Language"", ""sn"": ""['input']"", ""sv"": ""['not 11100']""}"
ctyHWUgv9B_kHA6DNcrgMxadmJZJ1sHa-turn5,there is a transition between q2 and q0 ,"{""da"": ""Ta:propositionalQuestion"", ""et"": ""fsa-practical"", ""ar"": ""Transition"", ""sn"": ""['transitions']"", ""sv"": ""[[('q2','q1','?')]]""}"
ShIe4j-y-ekoRj_Xvt7r2MkyrvfyFPK6-turn1,what are the states and the connections between states ,"{""da"": ""Ta:setQuestion"", ""et"": ""fsa-practical"", ""ar"": ""Transition"", ""sn"": ""['transitions']"", ""sv"": ""['?']""}"
conversation7-turn7,what are the arcs,"{""da"": ""Ta:setQuestion"", ""et"": ""fsa-practical"", ""ar"": ""Transition"", ""sn"": ""['transitions']"", ""sv"": ""['?']""}"
q9Tw8Mb_nRwbwBOy-cnCELz2dVncJh-T-turn9,can you provide a representation of the automaton ,"{""da"": ""Ta:request"", ""et"": ""fsa-practical"", ""ar"": ""automaton"", ""sn"": ""['graphicRepresentation']"", ""sv"": ""['?']""}"
ByLC2-turn1,which are the principal pros ,"{""da"": ""Ta:setQuestion"", ""et"": ""Nan"", ""ar"": ""Nan"", ""sn"": ""[]"", ""sv"": ""[]""}"
conversation5-turn17,what input pattern is required for the automaton to reach its final state,"{""da"": ""Ta:setQuestion"", ""et"": ""fsa-practical"", ""ar"": ""Language"", ""sn"": ""['input']"", ""sv"": ""['?']""}"
w05LD7si_oM5jBhxC-dUqFBsx77pOFB2-turn10,the language accepted by this automaton is made of zero or more words formed by a sequence of a pair of 1s followed by a 0.,"{""da"": ""Ta:answer"", ""et"": ""fsa-practical"", ""ar"": ""Language"", ""sn"": ""['alphabet','input']"", ""sv"": ""[['0','1'],'110']""}"
conversation5-turn5,how many states are in automaton,"{""da"": ""Ta:setQuestion"", ""et"": ""fsa-practical"", ""ar"": ""State"", ""sn"": ""['numberOfStates']"", ""sv"": ""['?']""}"
K5RjdKDOVHgcktsKy-aBfu8jEOHFumTe-turn5,which are the trasitions ,"{""da"": ""Ta:setQuestion"", ""et"": ""fsa-practical"", ""ar"": ""Transition"", ""sn"": ""['transitions']"", ""sv"": ""['?']""}"
q9Tw8Mb_nRwbwBOy-cnCELz2dVncJh-T-turn5,how many states ,"{""da"": ""Ta:setQuestion"", ""et"": ""fsa-practical"", ""ar"": ""State"", ""sn"": ""['numberOfStates']"", ""sv"": ""['?']""}"
Em5Mj8ykVSTl8U4QKIZ_n7L1bF8H1kL1-turn11,which is initial state,"{""da"": ""Ta:setQuestion"", ""et"": ""fsa-practical"", ""ar"": ""State"", ""sn"": ""['initialState']"", ""sv"": ""['?']""}"
w05LD7si_oM5jBhxC-dUqFBsx77pOFB2-turn15,what is the regular expression describing the automata ,"{""da"": ""Ta:setQuestion"", ""et"": ""fsa-practical"", ""ar"": ""Language"", ""sn"": ""[]"", ""sv"": ""[]""}"
"""meno""pu7A-turn33",what happens when a 0 comes to state q1 ,"{""da"": ""Ta:setQuestion"", ""et"": ""fsa-practical"", ""ar"": ""Transition"", ""sn"": ""['transitions']"", ""sv"": ""[[('?','q1','0'),('q1','?','?')]]""}"
"""meno""pu7A-turn18","yes, there is a transition from q0 to q1 and is marked with 1. ","{""da"": ""Ta:answer"", ""et"": ""fsa-practical"", ""ar"": ""Transition"", ""sn"": ""['transitions']"", ""sv"": ""[[('q0','q1','1')]]""}"
rHgyaZS8T8cuQ0u39AHqQBs_vaj5ePIu-turn14,"there is only one arc starting from each state. the first three in clockwise direction are marked with 1, the remaining two with 0. ","{""da"": ""Ta:answer"", ""et"": ""fsa-practical"", ""ar"": ""Pattern"", ""sn"": ""['patternType']"", ""sv"": ""['?']""}"
ShIe4j-y-ekoRj_Xvt7r2MkyrvfyFPK6-turn20,"this automaton has three transitions. the first one starts at q0, being it the initial and final state. from q0 and q2 there is a transition marked as 1. from q2 to q1 there is another transition marked as 1. finally from q1 to q0 there is a transition marked as 0.","{""da"": ""Ta:answer"", ""et"": ""fsa-practical"", ""ar"": ""Transition"", ""sn"": ""['numberOfTransitions','initialState','finalStates','transitions']"", ""sv"": ""['3','q0',['q0'],[('q0','q2','1'),('q2','q1','1'),('q1','q0','0')]]""}"
CW4txSkffsEwrT2wLOzWbeScRrQESVBu-turn9,what is a pattern,"{""da"": ""Ta:setQuestion"", ""et"": ""fsa-theoretical"", ""ar"": ""Pattern"", ""sn"": ""['patternType']"", ""sv"": ""['?']""}"
0SyWdd-YbWP90wUhHSiSYaBDArgtJvUi-turn23,what symbols does the automaton accept ,"{""da"": ""Ta:setQuestion"", ""et"": ""fsa-practical"", ""ar"": ""Alphabet"", ""sn"": ""['alphabet']"", ""sv"": ""['?']""}"
conversation7-turn5,what are the transitions between these states,"{""da"": ""Ta:setQuestion"", ""et"": ""fsa-practical"", ""ar"": ""Transition"", ""sn"": ""['transitions']"", ""sv"": ""['?']""}"
rHgyaZS8T8cuQ0u39AHqQBs_vaj5ePIu-turn8,"i dont' know. try asking something like, ""describe the automaton."" ","{""da"": ""AutoF:autoNegative; DS:suggest"", ""et"": ""Nan"", ""ar"": ""Nan"", ""sn"": ""[]"", ""sv"": ""[]""}"
conversation2-turn4,"i'm sorry, i don't know the answer","{""da"": ""AutoF:autoNegative"", ""et"": ""Nan"", ""ar"": ""Nan"", ""sn"": ""[]"", ""sv"": ""[]""}"
ByLC2-turn9,show me the automaton ,"{""da"": ""Ta:request"", ""et"": ""fsa-practical"", ""ar"": ""automaton"", ""sn"": ""[]"", ""sv"": ""[]""}"
ShIe4j-y-ekoRj_Xvt7r2MkyrvfyFPK6-turn6,"i dont' know. just try asking something like, ""how is the automaton represented?""","{""da"": ""AutoF:autoNegative; DS:suggest"", ""et"": ""Nan"", ""ar"": ""Nan"", ""sn"": ""[]"", ""sv"": ""[]""}"
Em5Mj8ykVSTl8U4QKIZ_n7L1bF8H1kL1-turn2,"it is an automaton which accepts zero or more words in a binary alphabet formed by a sequence of a triple of 1s followed by a pair of 0s. there are a total of 5 states: q0, q1, q2, q3, and q4. q0 is both initial and end state. from each state 1 arc starts: from q0 the arc points to q1 and is marked with 1. from q1 it points to q2 and is marked with 1. from q2 it points to q3 and is marked with 1. from q3 points to q4 and is marked with 0. finally, from q4 points to q0 and is marked again with 0.","{""da"": ""Ta:answer"", ""et"": ""fsa-practical"", ""ar"": ""automaton"", ""sn"": ""['alphabet','numberOfStates','states','initialState','finalStates','transitions']"", ""sv"": ""[['0','1'],'5',['q0','q1','q2','q3','q4'],'q0',['q0'],[('q0','q1','1'),('q1','q2','1'),('q2','q3','1'),('q3','q4','0'),('q4','q0','0')]]""}"
P-_bE79Vy1PQJqftQhKxblP_VtV-DNEF-turn21,how many transitions start from q0 ,"{""da"": ""Ta:setQuestion"", ""et"": ""fsa-practical"", ""ar"": ""Transition"", ""sn"": ""['transitions']"", ""sv"": ""[[('q0','?','?')]]""}"
conversation5-turn11,what is the role of the final state in the automaton,"{""da"": ""Ta:setQuestion"", ""et"": ""fsa-theoretical"", ""ar"": ""State"", ""sn"": ""['finalStates']"", ""sv"": ""['?']""}"
ijaiv0hGDVwkzukjPHEmUC6QtX9wfCHf-turn23,is q4 a final state ,"{""da"": ""Ta:propositionalQuestion"", ""et"": ""fsa-practical"", ""ar"": ""State"", ""sn"": ""['finalStates']"", ""sv"": ""[['q4']]""}"
sveUGr-bCBUSZI2QFJORfflTpgefFbKW-turn1,how many states do you have ,"{""da"": ""Ta:setQuestion"", ""et"": ""fsa-practical"", ""ar"": ""State"", ""sn"": ""['numberOfStates']"", ""sv"": ""['?']""}"
ijaiv0hGDVwkzukjPHEmUC6QtX9wfCHf-turn17,what are the final states ,"{""da"": ""Ta:setQuestion"", ""et"": ""fsa-practical"", ""ar"": ""State"", ""sn"": ""['finalStates']"", ""sv"": ""['?']""}"
orFerWOnOwCvmZ_TPcCy_3bOiH4Pl7xf-turn3,how many transitions does the automata have ,"{""da"": ""Ta:setQuestion"", ""et"": ""fsa-practical"", ""ar"": ""Transition"", ""sn"": ""['numberOfTransitions']"", ""sv"": ""['?']""}"
conversation9-turn17,what symbols accept,"{""da"": ""Ta:setQuestion"", ""et"": ""fsa-practical"", ""ar"": ""Alphabet"", ""sn"": ""['alphabet']"", ""sv"": ""['?']""}"
ctyHWUgv9B_kHA6DNcrgMxadmJZJ1sHa-turn9,describe it please ,"{""da"": ""Ta:request"", ""et"": ""Nan"", ""ar"": ""Nan"", ""sn"": ""[]"", ""sv"": ""[]""}"
CW4txSkffsEwrT2wLOzWbeScRrQESVBu-turn8,there are a total of 5 arcs. try asking me if there is a particular pattern among   them.,"{""da"": ""Ta:answer"", ""et"": ""fsa-practical"", ""ar"": ""Transition"", ""sn"": ""['numberOfTransitions']"", ""sv"": ""['5']""}"
conversation8-turn11,is q0 the last state,"{""da"": ""Ta:propositionalQuestion"", ""et"": ""fsa-practical"", ""ar"": ""State"", ""sn"": ""['finalStates']"", ""sv"": ""[['q0']]""}"
sveUGr-bCBUSZI2QFJORfflTpgefFbKW-turn4,"i dont' know. try asking something like, ""what is the accepted language?"" ","{""da"": ""AutoF:autoNegative; DS:suggest"", ""et"": ""Nan"", ""ar"": ""Nan"", ""sn"": ""[]"", ""sv"": ""[]""}"
Em5Mj8ykVSTl8U4QKIZ_n7L1bF8H1kL1-turn23,how many arcs,"{""da"": ""Ta:setQuestion"", ""et"": ""fsa-practical"", ""ar"": ""Transition"", ""sn"": ""['numberOfTransitions']"", ""sv"": ""['?']""}"
ctyHWUgv9B_kHA6DNcrgMxadmJZJ1sHa-turn16,"i don't know, try just asking something like, ""how many states are there?"" ","{""da"": ""AutoF:autoNegative; DS:suggest"", ""et"": ""Nan"", ""ar"": ""Nan"", ""sn"": ""[]"", ""sv"": ""[]""}"
P-_bE79Vy1PQJqftQhKxblP_VtV-DNEF-turn9,how can i define an automaton ,"{""da"": ""Ta:setQuestion"", ""et"": ""fsa-theoretical"", ""ar"": ""automaton"", ""sn"": ""[]"", ""sv"": ""[]""}"
"""meno""pu7A-turn10",q0 is both the initial and final state. ,"{""da"": ""Ta:answer"", ""et"": ""fsa-practical"", ""ar"": ""State"", ""sn"": ""['initialState','finalStates']"", ""sv"": ""['q0',['q0']]""}"
conversation1-turn25,describe me the state q1,"{""da"": ""Ta:request"", ""et"": ""fsa-practical"", ""ar"": ""State"", ""sn"": ""['states']"", ""sv"": ""[['q1']]""}"
conversation8-turn5,how many arcs start from q0 to q1,"{""da"": ""Ta:setQuestion"", ""et"": ""fsa-practical"", ""ar"": ""Transition"", ""sn"": ""['transitions']"", ""sv"": ""[[('q0','q1','?')]]""}"
conversation3-turn7,how many final states the automaton has,"{""da"": ""Ta:setQuestion"", ""et"": ""fsa-practical"", ""ar"": ""State"", ""sn"": ""['numberOfFinalStates']"", ""sv"": ""['?']""}"
w05LD7si_oM5jBhxC-dUqFBsx77pOFB2-turn17,can you briefly describe the automata ,"{""da"": ""Ta:request"", ""et"": ""fsa-practical"", ""ar"": ""automaton"", ""sn"": ""[]"", ""sv"": ""[]""}"
AIzOyq5ExGrZ23ca0dNIWCK5C2HD3cCA-turn8,there are a total of 5 arcs. try asking me if there is a particular pattern among them.,"{""da"": ""Ta:answer"", ""et"": ""fsa-practical"", ""ar"": ""Transition"", ""sn"": ""['numberOfTransitions']"", ""sv"": ""['5']""}"
conversation6-turn3,what input causes the automaton to move from one state to the next,"{""da"": ""Ta:setQuestion"", ""et"": ""fsa-practical"", ""ar"": ""Language"", ""sn"": ""['input']"", ""sv"": ""['?']""}"
conversation5-turn22,"i dont' know. just try asking something like, ""how is the automaton represented?","{""da"": ""AutoF:autoNegative; DS:suggest"", ""et"": ""Nan"", ""ar"": ""Nan"", ""sn"": ""[]"", ""sv"": ""[]""}"
CW4txSkffsEwrT2wLOzWbeScRrQESVBu-turn25,is 1 a label for some arc,"{""da"": ""Ta:propositionalQuestion"", ""et"": ""fsa-practical"", ""ar"": ""Transition"", ""sn"": ""['transitions']"", ""sv"": ""[[('?','?','1')]]""}"
 _5HlGjFdH6WD3QHzT82E_hSsC1N12Z5J-turn5,what direction are the connections between the states ,"{""da"": ""Ta:setQuestion"", ""et"": ""fsa-practical"", ""ar"": ""Transition"", ""sn"": ""['transitions']"", ""sv"": ""['?']""}"
FaSMl3Iu-Kr6owi4byJ2me2wFzk-c7oM-turn11,in which year we are ,"{""da"": ""Ta:setQuestion"", ""et"": ""Nan"", ""ar"": ""Nan"", ""sn"": ""[]"", ""sv"": ""[]""}"
w05LD7si_oM5jBhxC-dUqFBsx77pOFB2-turn7,which is the transition function ,"{""da"": ""Ta:setQuestion"", ""et"": ""fsa-practical"", ""ar"": ""Transition"", ""sn"": ""['transitions']"", ""sv"": ""['?']""}"
Em5Mj8ykVSTl8U4QKIZ_n7L1bF8H1kL1-turn17, final states,"{""da"": ""Ta:request"", ""et"": ""fsa-practical"", ""ar"": ""State"", ""sn"": ""['finalStates']"", ""sv"": ""['?']""}"
conversation7-turn24,"yes, there is a transition from q0 to q1 and is marked with 1.","{""da"": ""Ta:answer"", ""et"": ""fsa-practical"", ""ar"": ""Transition"", ""sn"": ""['transitions']"", ""sv"": ""[[('q0','q1','1')]]""}"
0MgCjt8WVTxN4Thm2f0TbS_vigxpGyhI-turn18,"i dont' know. try just asking something like, ""how many states are there?""","{""da"": ""AutoF:autoNegative; DS:suggest"", ""et"": ""Nan"", ""ar"": ""Nan"", ""sn"": ""[]"", ""sv"": ""[]""}"
conversation10-turn25,what is the transition function,"{""da"": ""Ta:setQuestion"", ""et"": ""fsa-practical"", ""ar"": ""Transition"", ""sn"": ""['transitions']"", ""sv"": ""['?']""}"
conversation8-turn1,what are the name of states,"{""da"": ""Ta:setQuestion"", ""et"": ""fsa-practical"", ""ar"": ""State"", ""sn"": ""['states']"", ""sv"": ""['?']""}"
Em5Mj8ykVSTl8U4QKIZ_n7L1bF8H1kL1-turn29,arc from q2,"{""da"": ""Ta:request"", ""et"": ""fsa-practical"", ""ar"": ""Transition"", ""sn"": ""['transitions']"", ""sv"": ""[[('q2','?','?')]]""}"
CW4txSkffsEwrT2wLOzWbeScRrQESVBu-turn47,describe the arcs,"{""da"": ""Ta:request"", ""et"": ""fsa-practical"", ""ar"": ""Transition"", ""sn"": ""['transitions']"", ""sv"": ""['?']""}"
ShIe4j-y-ekoRj_Xvt7r2MkyrvfyFPK6-turn22,"it is an automaton which accepts zero or more words in a binary alphabet formed by a sequence of a pair of 1s followed by a 0. there are a total of 3 states: q0, q1, and q2. q0 is both initial and end state. from each state 1 arc starts: from q0 the arc points to q2 and is marked with 1. from q2 it points to q1 and is marked with 1. from q1 it points to q0 and is marked with 0.","{""da"": ""Ta:answer"", ""et"": ""fsa-practical"", ""ar"": ""automaton"", ""sn"": ""['alphabet','input','numberOfStates','states','initialState','finalStates','transitions']"", ""sv"": ""[['0','1'],'110','3',['q0','q1','q2'],'q0',['q0'],[('q0','q2','1'),('q2','q1','1'),('q1','q0','0')]]""}"
0SyWdd-YbWP90wUhHSiSYaBDArgtJvUi-turn25,what are the symbols accepted by the automaton ,"{""da"": ""Ta:setQuestion"", ""et"": ""fsa-practical"", ""ar"": ""Alphabet"", ""sn"": ""['alphabet']"", ""sv"": ""['?']""}"
P-_bE79Vy1PQJqftQhKxblP_VtV-DNEF-turn19,which transitions start from q0 ,"{""da"": ""Ta:setQuestion"", ""et"": ""fsa-practical"", ""ar"": ""Transition"", ""sn"": ""['transitions']"", ""sv"": ""[[('q0','?','?')]]""}"
"""meno""pu7A-turn13",how many states are there ,"{""da"": ""Ta:setQuestion"", ""et"": ""fsa-practical"", ""ar"": ""State"", ""sn"": ""['numberOfStates']"", ""sv"": ""['?']""}"
hIbhGTnnFCuBbgJSGj1EmY944k9a71iY-turn1,summarise the automaton ,"{""da"": ""Ta:request"", ""et"": ""fsa-practical"", ""ar"": ""automaton"", ""sn"": ""[]"", ""sv"": ""[]""}"
conversation2-turn18,"there are a total of 5 states. q0, q1, q2, q3, and q4. q0 is both initial and final      state.","{""da"": ""Ta:answer"", ""et"": ""fsa-practical"", ""ar"": ""State"", ""sn"": ""['numberOfStates','states','initialState','finalStates']"", ""sv"": ""['5',['q0','q1','q2','q3','q4'],'q0',['q0']]""}"
0SyWdd-YbWP90wUhHSiSYaBDArgtJvUi-turn1,what is an automaton ,"{""da"": ""Ta:setQuestion"", ""et"": ""fsa-theoretical"", ""ar"": ""automaton"", ""sn"": ""[]"", ""sv"": ""[]""}"
bq9WYgxCi_ATitsSgtUQUUqZSE2kbkAz-turn9,what are the arcs ,"{""da"": ""Ta:setQuestion"", ""et"": ""fsa-practical"", ""ar"": ""Transition"", ""sn"": ""['transitions']"", ""sv"": ""['?']""}"
ShIe4j-y-ekoRj_Xvt7r2MkyrvfyFPK6-turn5,which are the states and the transitions ,"{""da"": ""Ta:setQuestion"", ""et"": ""fsa-practical"", ""ar"": ""Transition"", ""sn"": ""['transitions','states']"", ""sv"": ""['?','?']""}"
q9Tw8Mb_nRwbwBOy-cnCELz2dVncJh-T-turn21,can you describe the transition function ,"{""da"": ""Ta:request"", ""et"": ""fsa-practical"", ""ar"": ""Transition"", ""sn"": ""['transitions']"", ""sv"": ""['?']""}"
"""meno""pu7A-turn24",from q1 there is only one transition to q2 marked with 1. ,"{""da"": ""Ta:answer"", ""et"": ""fsa-practical"", ""ar"": ""Transition"", ""sn"": ""['transitions']"", ""sv"": ""[[('q1','q2','1')]]""}"
conversation2-turn1,what can i ask you,"{""da"": ""Ta:setQuestion"", ""et"": ""Nan"", ""ar"": ""Nan"", ""sn"": ""[]"", ""sv"": ""[]""}"
ctyHWUgv9B_kHA6DNcrgMxadmJZJ1sHa-turn2,"i don't know, try asking something like, ""what is the initial state?"" ","{""da"": ""AutoF:autoNegative; DS:suggest"", ""et"": ""Nan"", ""ar"": ""Nan"", ""sn"": ""[]"", ""sv"": ""[]""}"
conversation10-turn21,what are the states connected to q4,"{""da"": ""Ta:setQuestion"", ""et"": ""fsa-practical"", ""ar"": ""State"", ""sn"": ""['transitions']"", ""sv"": ""[[('q4','?','?')]]""}"
conversation10-turn13,what are the states connected to q0,"{""da"": ""Ta:setQuestion"", ""et"": ""fsa-practical"", ""ar"": ""State"", ""sn"": ""['transitions']"", ""sv"": ""[[('q0','?','?')]]""}"
"""meno""pu7A-turn20","i'm not sure about your question. try asking about states or transitions. or you can ask me to briefly describe you the automaton, for example. ","{""da"": ""AutoF:autoNegative; DS:suggest"", ""et"": ""Nan"", ""ar"": ""Nan"", ""sn"": ""[]"", ""sv"": ""[]""}"
conversation4-turn17,how does the automaton transition back to the initial state after completing a valid sequence,"{""da"": ""Ta:setQuestion"", ""et"": ""fsa-practical"", ""ar"": ""Transition"", ""sn"": ""['transitions']"", ""sv"": ""[[('finalStates','initialState','?')]]""}"
gQZalALP9AxsFfEPC9Lm_JhIimMxTW_j-turn17,is there an arc from q4 ,"{""da"": ""Ta:propositionalQuestion"", ""et"": ""fsa-practical"", ""ar"": ""Transition"", ""sn"": ""['transitions']"", ""sv"": ""[[('q4','?','?')]]""}"
FaSMl3Iu-Kr6owi4byJ2me2wFzk-c7oM-turn7,describe automa ,"{""da"": ""Ta:request"", ""et"": ""fsa-practical"", ""ar"": ""automaton"", ""sn"": ""[]"", ""sv"": ""[]""}"
"""meno""pu7A-turn1",briefly describe the automaton ,"{""da"": ""Ta:request"", ""et"": ""fsa-practical"", ""ar"": ""automaton"", ""sn"": ""[]"", ""sv"": ""[]""}"
conversation5-turn15,what triggers a transition from one state to another in the automaton,"{""da"": ""Ta:setQuestion"", ""et"": ""fsa-theoretical"", ""ar"": ""Transition"", ""sn"": ""[]"", ""sv"": ""[]""}"
ShIe4j-y-ekoRj_Xvt7r2MkyrvfyFPK6-turn13,whar are the transitions ,"{""da"": ""Ta:setQuestion"", ""et"": ""fsa-practical"", ""ar"": ""Transition"", ""sn"": ""['transitions']"", ""sv"": ""['?']""}"
conversation5-turn9,what is the starting state of the automaton,"{""da"": ""Ta:setQuestion"", ""et"": ""fsa-practical"", ""ar"": ""State"", ""sn"": ""['initialState']"", ""sv"": ""['?']""}"
conversation1-turn7,how many arcs are there,"{""da"": ""Ta:setQuestion"", ""et"": ""fsa-practical"", ""ar"": ""Transition"", ""sn"": ""['numberOfTransitions']"", ""sv"": ""['?']""}"
V3HOB-turn13,what transitions enter and exit q3 ,"{""da"": ""Ta:setQuestion"", ""et"": ""fsa-practical"", ""ar"": ""Transition"", ""sn"": ""['transitions']"", ""sv"": ""[[('?','q3','?'),('q3','?','?')]]""}"
CW4txSkffsEwrT2wLOzWbeScRrQESVBu-turn28,the language accepted by this automaton is made of zero or more words formed by a   sequence of a triple of 1s followed by a pair of 0s.,"{""da"": ""Ta:answer"", ""et"": ""fsa-practical"", ""ar"": ""Language"", ""sn"": ""['alphabet','input']"", ""sv"": ""[['0','1'],'11100']""}"
conversation9-turn11,is it a deterministic automaton,"{""da"": ""Ta:propositionalQuestion"", ""et"": ""fsa-practical"", ""ar"": ""automaton"", ""sn"": ""['automatonType']"", ""sv"": ""['deterministic']""}"
"""meno""pu7A-turn23",which are the transitions from q1 ,"{""da"": ""Ta:setQuestion"", ""et"": ""fsa-practical"", ""ar"": ""Transition"", ""sn"": ""['transitions']"", ""sv"": ""[[('q1','?','?')]]""}"
CW4txSkffsEwrT2wLOzWbeScRrQESVBu-turn37,q3 to q2,"{""da"": ""Ta:request"", ""et"": ""fsa-practical"", ""ar"": ""Transition"", ""sn"": ""['transitions']"", ""sv"": ""[[('q3','q2','?')]]""}"
ShIe4j-y-ekoRj_Xvt7r2MkyrvfyFPK6-turn14,"i dont' know. try asking something like, ""which is the initial state?""","{""da"": ""AutoF:autoNegative; DS:suggest"", ""et"": ""Nan"", ""ar"": ""Nan"", ""sn"": ""[]"", ""sv"": ""[]""}"
0MgCjt8WVTxN4Thm2f0TbS_vigxpGyhI-turn7, arc from q2,"{""da"": ""Ta:request"", ""et"": ""fsa-practical"", ""ar"": ""Transition"", ""sn"": ""['transitions']"", ""sv"": ""[[('q2','?','?')]]""}"
ctyHWUgv9B_kHA6DNcrgMxadmJZJ1sHa-turn15,what is the alphabet ,"{""da"": ""Ta:setQuestion"", ""et"": ""fsa-practical"", ""ar"": ""Alphabet"", ""sn"": ""['alphabet']"", ""sv"": ""['?']""}"
bq9WYgxCi_ATitsSgtUQUUqZSE2kbkAz-turn21,what are the patterns,"{""da"": ""Ta:setQuestion"", ""et"": ""fsa-practical"", ""ar"": ""Pattern"", ""sn"": ""['patternType']"", ""sv"": ""['?']""}"
V3HOB-turn7,what transitions enter and exit q1 ,"{""da"": ""Ta:setQuestion"", ""et"": ""fsa-practical"", ""ar"": ""Transition"", ""sn"": ""['transitions']"", ""sv"": ""[[('?','q1','?'),('q1','?','?')]]""}"
conversation1-turn37,thank for helping me,"{""da"": ""SOM:thanking"", ""et"": ""Nan"", ""ar"": ""Nan"", ""sn"": ""[]"", ""sv"": ""[]""}"
ShIe4j-y-ekoRj_Xvt7r2MkyrvfyFPK6-turn27,what are the final states,"{""da"": ""Ta:setQuestion"", ""et"": ""fsa-practical"", ""ar"": ""State"", ""sn"": ""['finalStates']"", ""sv"": ""['?']""}"
P-_bE79Vy1PQJqftQhKxblP_VtV-DNEF-turn26,from q2 there is only one transition to q1 marked with 1. ,"{""da"": ""Ta:answer"", ""et"": ""fsa-practical"", ""ar"": ""Transition"", ""sn"": ""['transitions']"", ""sv"": ""[[('q2','q1','1')]]""}"
CW4txSkffsEwrT2wLOzWbeScRrQESVBu-turn10,"i'm not sure about your question. try asking about states or transitions. or     you can ask me to briefly describe you the automaton, for example.","{""da"": ""AutoF:autoNegative; DS:suggest"", ""et"": ""Nan"", ""ar"": ""Nan"", ""sn"": ""[]"", ""sv"": ""[]""}"
conversation10-turn33,give me some examples of inputs and output,"{""da"": ""Ta:request"", ""et"": ""fsa-practical"", ""ar"": ""Language"", ""sn"": ""['input','output']"", ""sv"": ""['?','?']""}"
ijaiv0hGDVwkzukjPHEmUC6QtX9wfCHf-turn13,are there arcs from q4 ,"{""da"": ""Ta:propositionalQuestion"", ""et"": ""fsa-practical"", ""ar"": ""Transition"", ""sn"": ""['transitions']"", ""sv"": ""[[('q4','?','?')]]""}"
Em5Mj8ykVSTl8U4QKIZ_n7L1bF8H1kL1-turn32,from q3 there is only one transition to q4 marked with 0.,"{""da"": ""Ta:answer"", ""et"": ""fsa-practical"", ""ar"": ""Transition"", ""sn"": ""['transitions']"", ""sv"": ""[[('q3','q4','0')]]""}"
conversation10-turn7,how many states are there,"{""da"": ""Ta:setQuestion"", ""et"": ""fsa-practical"", ""ar"": ""State"", ""sn"": ""['numberOfStates']"", ""sv"": ""['?']""}"
bq9WYgxCi_ATitsSgtUQUUqZSE2kbkAz-turn29,describe the shape of the automaton,"{""da"": ""Ta:request"", ""et"": ""fsa-practical"", ""ar"": ""automaton"", ""sn"": ""['graphicRepresentation']"", ""sv"": ""['?']""}"
0MgCjt8WVTxN4Thm2f0TbS_vigxpGyhI-turn9,transition from q1,"{""da"": ""Ta:request"", ""et"": ""fsa-practical"", ""ar"": ""Transition"", ""sn"": ""['transitions']"", ""sv"": ""[[('q1','?','?')]]""}"
"""meno""pu7A-turn25",which are the transitions from q2 ,"{""da"": ""Ta:setQuestion"", ""et"": ""fsa-practical"", ""ar"": ""Transition"", ""sn"": ""['transitions']"", ""sv"": ""[[('q2','?','?')]]""}"
conversation1-turn2,"it is an automaton which accepts zero or more words in a binary alphabet formed by a      sequence of a triple of 1s followed by a pair of 0s. there are a total of 5 states: q0, q1,      q2, q3, and q4. q0 is both initial and end state.      from each state 1 arc starts: from q0 the arc points to q1 and is marked with 1.      from q1 it points to q2 and is marked with 1.      from q2 it points to q3 and is marked with 1.      from q3 points to q4 and is marked with 0.      finally, from q4 points to q0 and is marked again with 0.","{""da"": ""Ta:answer"", ""et"": ""fsa-practical"", ""ar"": ""automaton"", ""sn"": ""['alphabet','input','numberOfStates','states','initialState','finalStates','transitions']"", ""sv"": ""[['0','1'],'11100','5',['q0','q1','q2','q3','q4'],'q0',['q0'],[('q0','q1','1'),('q1','q2','1'),('q2','q3','1'),('q3','q4','0'),('q4','q0','0')]]""}"
"""meno""pu7A-turn21",is there an arc from q0 to q2 q3 or q4 ,"{""da"": ""Ta:propositionalQuestion"", ""et"": ""fsa-practical"", ""ar"": ""Transition"", ""sn"": ""['transitions']"", ""sv"": ""[[('q0','q2','?'),('q0','q3','?'),('q0','q4','?')]]""}"
conversation7-turn23,is there a transition from q0 to q1,"{""da"": ""Ta:propositionalQuestion"", ""et"": ""fsa-practical"", ""ar"": ""Transition"", ""sn"": ""['transitions']"", ""sv"": ""[[('q0','q1','?')]]""}"
71DvREY3rPDW1C0uzelsV6yXdSNexElS-turn6,the automaton can be represented with the states arranged as vertices of a triangle. ,"{""da"": ""Ta:answer"", ""et"": ""fsa-practical"", ""ar"": ""automaton"", ""sn"": ""['graphicRepresentation']"", ""sv"": ""['triangle']""}"
conversation6-turn17,does the automaton accept sequences longer than three 1s followed by two 0s,"{""da"": ""Ta:propositionalQuestion"", ""et"": ""fsa-practical"", ""ar"": ""Language"", ""sn"": ""['input']"", ""sv"": ""['not 11100']""}"
VMkBtJ-FIizHxrkxPyS3DniIMKBgDUwJ-turn17,what language accepts this auotmata ,"{""da"": ""Ta:setQuestion"", ""et"": ""fsa-practical"", ""ar"": ""Language"", ""sn"": ""[]"", ""sv"": ""[]""}"
conversation10-turn41,does it only accept 1s and 0s or other things,"{""da"": ""Ta:propositionalQuestion"", ""et"": ""fsa-practical"", ""ar"": ""Alphabet"", ""sn"": ""['alphabet']"", ""sv"": ""[['0','1']]""}"
conversation8-turn3,briefly describe me the automaton,"{""da"": ""Ta:request"", ""et"": ""fsa-practical"", ""ar"": ""automaton"", ""sn"": ""[]"", ""sv"": ""[]""}"
VMkBtJ-FIizHxrkxPyS3DniIMKBgDUwJ-turn15,what about transitions ,"{""da"": ""Ta:setQuestion"", ""et"": ""fsa-practical"", ""ar"": ""Transition"", ""sn"": ""['transitions']"", ""sv"": ""['?']""}"
P-_bE79Vy1PQJqftQhKxblP_VtV-DNEF-turn33,what could be a minimal spatial representation for this automaton ,"{""da"": ""Ta:setQuestion"", ""et"": ""fsa-practical"", ""ar"": ""Pattern"", ""sn"": ""['optimalSpatialRepresentation']"", ""sv"": ""['?']""}"
"""meno""pu7A-turn29",which are the transitions from q4 ,"{""da"": ""Ta:setQuestion"", ""et"": ""fsa-practical"", ""ar"": ""Transition"", ""sn"": ""['transitions']"", ""sv"": ""[[('q4','?','?')]]""}"
"""meno""pu7A-turn19",what is the shape of the arcs ,"{""da"": ""Ta:setQuestion"", ""et"": ""fsa-practical"", ""ar"": ""automaton"", ""sn"": ""['graphicRepresentation']"", ""sv"": ""['?']""}"
CW4txSkffsEwrT2wLOzWbeScRrQESVBu-turn36,"yes, there is a transition from q2 to q3 and is marked with 1.","{""da"": ""Ta:answer"", ""et"": ""fsa-practical"", ""ar"": ""Transition"", ""sn"": ""['transitions']"", ""sv"": ""[[('q2','q3','1')]]""}"
 _5HlGjFdH6WD3QHzT82E_hSsC1N12Z5J-turn4,"this automaton has three states. q0 is the initial and final state. q0 is connected to q2 which is in turn connected to q1. finally, q1 is connected to q0. ","{""da"": ""Ta:answer"", ""et"": ""fsa-practical"", ""ar"": ""State"", ""sn"": ""['numberOfStates','initialState','finalStates','transitions']"", ""sv"": ""['3','q0',['q0'],[('q0','q2','Nan'),('q2','q1','Nan'),('q1','q0','Nan')]]""}"
0MgCjt8WVTxN4Thm2f0TbS_vigxpGyhI-turn19,how many loops are there,"{""da"": ""Ta:setQuestion"", ""et"": ""fsa-practical"", ""ar"": ""Transition"", ""sn"": ""[]"", ""sv"": ""[]""}"
rHgyaZS8T8cuQ0u39AHqQBs_vaj5ePIu-turn2,in this automaton there are 5 states and 5 transitions. from each state only one transition starts. each state receives one transition. ,"{""da"": ""Ta:answer"", ""et"": ""fsa-practical"", ""ar"": ""automaton"", ""sn"": ""['numberOfStates','numberOfTransitions']"", ""sv"": ""['5','5']""}"
bq9WYgxCi_ATitsSgtUQUUqZSE2kbkAz-turn17,how many 0 art here ,"{""da"": ""Ta:setQuestion"", ""et"": ""fsa-practical"", ""ar"": ""Transition"", ""sn"": ""['transitions']"", ""sv"": ""[[('?','?','0')]]""}"
conversation7-turn21,is q0 the final node,"{""da"": ""Ta:propositionalQuestion"", ""et"": ""fsa-practical"", ""ar"": ""State"", ""sn"": ""['finalStates']"", ""sv"": ""[['q0']]""}"
P-_bE79Vy1PQJqftQhKxblP_VtV-DNEF-turn17,what is the final state ,"{""da"": ""Ta:setQuestion"", ""et"": ""fsa-practical"", ""ar"": ""State"", ""sn"": ""['finalStates']"", ""sv"": ""['?']""}"
ShIe4j-y-ekoRj_Xvt7r2MkyrvfyFPK6-turn33,which is the start state ,"{""da"": ""Ta:setQuestion"", ""et"": ""fsa-practical"", ""ar"": ""State"", ""sn"": ""['initialState']"", ""sv"": ""['?']""}"
conversation6-turn13,what kind of language is accepted by this automaton,"{""da"": ""Ta:setQuestion"", ""et"": ""fsa-practical"", ""ar"": ""Language"", ""sn"": ""['input']"", ""sv"": ""['?']""}"
0SyWdd-YbWP90wUhHSiSYaBDArgtJvUi-turn2,"a finite-state automaton is a dynamic, discrete, invariant systemin which the sets of input, output and state are finite. the system can be in any of a finite number of internal states that define the automaton. a particularly important class of automata is that of automata capable of recognizingwhether or not a string is part of a given language or not: recognizer automata. such a finite-state automaton consists of a finite set of states and a finite set oftransitions from one state to another. for each distinct pair formed by a state of theautomaton (the departure state) and an alphabet symbol, there is a transition to anarrival state. the symbol of the pair is said to be associated with the transition, oreven that the transition ""accepts the symbol."" the state of arrival state can alsocoincide with the start state. each finite-state automaton is uniquely associated with anoriented graph called a transition diagram. the nodes of the graph coincide with thestates of the automaton. if there is a transition from state q to state p with a as theassociated symbol, then there is an arc oriented from node q to node p and labeled withthe symbol a. see the homepage for more. ","{""da"": ""Ta:answer"", ""et"": ""fsa-theoretical"", ""ar"": ""automaton"", ""sn"": ""[]"", ""sv"": ""[]""}"
conversation1-turn35,tell me something about the states ,"{""da"": ""Ta:request"", ""et"": ""fsa-practical"", ""ar"": ""State"", ""sn"": ""[]"", ""sv"": ""[]""}"
Em5Mj8ykVSTl8U4QKIZ_n7L1bF8H1kL1-turn13,which is final state,"{""da"": ""Ta:setQuestion"", ""et"": ""fsa-practical"", ""ar"": ""State"", ""sn"": ""['finalStates']"", ""sv"": ""['?']""}"
conversation4-turn5,can a finite automaton recognize non-regular languages,"{""da"": ""Ta:propositionalQuestion"", ""et"": ""fsa-theoretical"", ""ar"": ""Language"", ""sn"": ""['automatonType','languageType']"", ""sv"": ""['deterministic','non-regular']""}"
CW4txSkffsEwrT2wLOzWbeScRrQESVBu-turn35,q2 to q3,"{""da"": ""Ta:request"", ""et"": ""fsa-practical"", ""ar"": ""Transition"", ""sn"": ""['transitions']"", ""sv"": ""[[('q2','q3','?')]]""}"
ShIe4j-y-ekoRj_Xvt7r2MkyrvfyFPK6-turn2,"i'm not sure about your question. try asking about states or transitions. or you can ask me to briefly describe you the automaton, for example.","{""da"": ""AutoF:autoNegative; DS:suggest"", ""et"": ""Nan"", ""ar"": ""Nan"", ""sn"": ""[]"", ""sv"": ""[]""}"
bq9WYgxCi_ATitsSgtUQUUqZSE2kbkAz-turn7,what arcs are marked with 0 ,"{""da"": ""Ta:setQuestion"", ""et"": ""fsa-practical"", ""ar"": ""Transition"", ""sn"": ""['transitions']"", ""sv"": ""[[('?','?','0')]]""}"
K2TB8bOVY1WHuazVxCQEhM789Y6lGaHw-turn14,the language accepted by this automaton is made of zero or more words formed by asequence ofa pair of 1s followed by a 0. ,"{""da"": ""Ta:answer"", ""et"": ""fsa-practical"", ""ar"": ""Language"", ""sn"": ""['alphabet','input']"", ""sv"": ""[['0','1'],'110']""}"
orFerWOnOwCvmZ_TPcCy_3bOiH4Pl7xf-turn7,what transitions does the automaton have ,"{""da"": ""Ta:setQuestion"", ""et"": ""fsa-practical"", ""ar"": ""Transition"", ""sn"": ""['transitions']"", ""sv"": ""['?']""}"
K2TB8bOVY1WHuazVxCQEhM789Y6lGaHw-turn17,if q2 were the final state the language accepted by the automaton is the same ,"{""da"": ""Ta:propositionalQuestion"", ""et"": ""fsa-practical"", ""ar"": ""State"", ""sn"": ""['finalStates']"", ""sv"": ""[['q2']]""}"
uX-G8wJ5wSxmtNvsKkQg61kTOFczKm8b-turn11,which arc from q3,"{""da"": ""Ta:setQuestion"", ""et"": ""fsa-practical"", ""ar"": ""Transition"", ""sn"": ""['transitions']"", ""sv"": ""[[('q3','?','?')]]""}"
q9Tw8Mb_nRwbwBOy-cnCELz2dVncJh-T-turn7,please describe the automaton ,"{""da"": ""Ta:request"", ""et"": ""fsa-practical"", ""ar"": ""automaton"", ""sn"": ""[]"", ""sv"": ""[]""}"
conversation1-turn15,describe me the transitions,"{""da"": ""Ta:request"", ""et"": ""fsa-practical"", ""ar"": ""Transition"", ""sn"": ""['transitions']"", ""sv"": ""['?']""}"
V3HOB-turn5,what transitions enter and exit q0 ,"{""da"": ""Ta:setQuestion"", ""et"": ""fsa-practical"", ""ar"": ""Transition"", ""sn"": ""['transitions']"", ""sv"": ""[[('?','q0','?'),('q0','?','?')]]""}"
conversation7-turn19,is q3 the final node,"{""da"": ""Ta:propositionalQuestion"", ""et"": ""fsa-practical"", ""ar"": ""State"", ""sn"": ""['finalStates']"", ""sv"": ""[['q3']]""}"
CW4txSkffsEwrT2wLOzWbeScRrQESVBu-turn13,briefly describe the automaton,"{""da"": ""Ta:request"", ""et"": ""fsa-practical"", ""ar"": ""automaton"", ""sn"": ""[]"", ""sv"": ""[]""}"
w05LD7si_oM5jBhxC-dUqFBsx77pOFB2-turn11,how much does the representation takes ,"{""da"": ""Ta:setQuestion"", ""et"": ""fsa-practical"", ""ar"": ""automaton"", ""sn"": ""[]"", ""sv"": ""[]""}"
conversation8-turn8,"no, there is not a state called like this. the only states are q0, q1, q2, q3, and q4.","{""da"": ""Ta:answer"", ""et"": ""fsa-practical"", ""ar"": ""State"", ""sn"": ""['states']"", ""sv"": ""[['q0','q1','q2','q3','q4']]""}"
uW3QEQnfk56NRlWclbyBzNkqsp20ChY1-turn7,how many transitions are there in the automaton ,"{""da"": ""Ta:setQuestion"", ""et"": ""fsa-practical"", ""ar"": ""Transition"", ""sn"": ""['numberOfTransitions']"", ""sv"": ""['?']""}"
conversation10-turn47,thank you to yours replies,"{""da"": ""SOM:thanking"", ""et"": ""Nan"", ""ar"": ""Nan"", ""sn"": ""[]"", ""sv"": ""[]""}"
rHgyaZS8T8cuQ0u39AHqQBs_vaj5ePIu-turn1,how many states and edges ,"{""da"": ""Ta:setQuestion"", ""et"": ""fsa-practical"", ""ar"": ""automaton"", ""sn"": ""['numberOfStates','numberOfTransitions']"", ""sv"": ""['?','?']""}"
VMkBtJ-FIizHxrkxPyS3DniIMKBgDUwJ-turn16,"this automaton has three transitions. the first one starts at q0,being it the initial and final state. from q0 to q2 there is a transition marked as 1. from q2 to q1 there is another transition marked as 1. finally from q1 to q0 there is atransition marked as 0. ","{""da"": ""Ta:answer"", ""et"": ""fsa-practical"", ""ar"": ""Transition"", ""sn"": ""['numberOfTransitions','initialState','finalStates','transitions']"", ""sv"": ""['3', 'q0', ['q0'], [('q0','q2','1'),('q2','q1','1'),('q1','q0','0')]]""}"
gQZalALP9AxsFfEPC9Lm_JhIimMxTW_j-turn1,could you briefly describe the automaton ,"{""da"": ""Ta:request"", ""et"": ""fsa-practical"", ""ar"": ""automaton"", ""sn"": ""[]"", ""sv"": ""[]""}"
q9Tw8Mb_nRwbwBOy-cnCELz2dVncJh-T-turn23,what is the output ,"{""da"": ""Ta:setQuestion"", ""et"": ""fsa-theoretical"", ""ar"": ""Language"", ""sn"": ""['output']"", ""sv"": ""['?']""}"
ShIe4j-y-ekoRj_Xvt7r2MkyrvfyFPK6-turn23,how is marked the arc between q0 and q2 ,"{""da"": ""Ta:setQuestion"", ""et"": ""fsa-practical"", ""ar"": ""Transition"", ""sn"": ""['transitions']"", ""sv"": ""[[('q0','q2','?')]]""}"
CW4txSkffsEwrT2wLOzWbeScRrQESVBu-turn43,q0 to q4,"{""da"": ""Ta:request"", ""et"": ""fsa-practical"", ""ar"": ""Transition"", ""sn"": ""['transitions']"", ""sv"": ""[[('q4','q0','?')]]""}"
conversation5-turn23,is there any state in the automaton that has no outgoing transitions,"{""da"": ""Ta:propositionalQuestion"", ""et"": ""fsa-practical"", ""ar"": ""State"", ""sn"": ""['stateWithoutTransitions']"", ""sv"": ""['?']""}"
q9Tw8Mb_nRwbwBOy-cnCELz2dVncJh-T-turn13,give me some examples of inputs and output ,"{""da"": ""Ta:request"", ""et"": ""fsa-practical"", ""ar"": ""Language"", ""sn"": ""['input','output']"", ""sv"": ""['?','?']""}"
